Date,Open_dia,High_dia,Low_dia,Close_dia,Adj Close_dia,Volume_dia,Target
2011-01-03,116.410004,116.860001,116.360001,116.410004,93.69735,9108900,0.006723424190038685
2011-01-04,116.709999,116.730003,116.110001,116.639999,93.882401,9775600,0.0019730387639960156
2011-01-05,116.459999,117.190002,116.300003,117.040001,94.204399,7567800,0.003423933147606917
2011-01-06,117.139999,117.190002,116.5,116.779999,93.995064,7161600,-0.0022246087528019487
2011-01-07,116.910004,117.099998,115.82,116.57,93.82605699999999,9249800,-0.0017996596412030996
2011-01-10,116.160004,116.339996,115.559998,116.199997,93.528275,6166700,-0.0031788136156221114
2011-01-11,116.629997,116.860001,116.16999799999999,116.550003,93.80998199999999,5122600,0.003007471264493411
2011-01-12,117.150002,117.650002,117.010002,117.400002,94.494148,5255800,0.007266638395639902
2011-01-13,117.370003,117.379997,116.82,117.199997,94.333153,6056800,-0.001705209343758618
2011-01-14,116.879997,117.769997,116.809998,117.690002,94.727554,5885800,0.004172221487837469
2011-01-18,117.760002,118.43,117.739998,118.230003,95.162201,4665700,0.00457789583307644
2011-01-19,118.349998,118.489998,117.860001,118.160004,95.105835,9080300,-0.0005924904974472511
2011-01-20,117.839996,118.339996,117.33000200000001,118.120003,95.073631,10935600,-0.0003386695838942799
2011-01-21,118.709999,118.800003,117.970001,118.459999,95.46371500000001,9663000,0.004094573092215725
2011-01-24,118.360001,119.58000200000001,118.339996,119.559998,96.350143,12299400,0.009242651387251222
2011-01-25,119.300003,119.589996,118.709999,119.489998,96.29373199999999,10474000,-0.0005856506116517224
2011-01-26,119.550003,119.940002,119.339996,119.610001,96.390472,9154100,0.0010041301375007805
2011-01-27,119.620003,119.93,119.449997,119.639999,96.414604,7393200,0.00025032536099800495
2011-01-28,119.660004,119.860001,117.760002,118.019997,95.109131,17156100,-0.013632704254837869
2011-01-31,118.25,118.650002,117.879997,118.599998,95.57650799999999,8965000,0.004902077979101804
2011-02-01,119.160004,120.230003,119.08000200000001,120.089996,96.777283,7626900,0.012485229346189008
2011-02-02,119.889999,120.32,119.889999,120.099998,96.785362,4231200,8.3476850656794e-05
2011-02-03,120.029999,120.57,119.559998,120.370003,97.002922,6338100,0.0022453379214937286
2011-02-04,120.370003,120.690002,120.019997,120.690002,97.260788,5191300,0.0026548051764585523
2011-02-07,120.879997,121.650002,120.849998,121.349998,97.79265600000001,7317100,0.005453575259212862
2011-02-08,121.449997,122.220001,121.33000200000001,122.139999,98.42930600000001,6032000,0.006489102723652884
2011-02-09,122.110001,122.400002,121.75,122.279999,98.542107,7682100,0.0011453541467094652
2011-02-10,121.769997,122.25,121.43,122.16999799999999,98.453476,7202200,-0.0008998273426295
2011-02-11,121.82,122.760002,121.709999,122.650002,98.84027900000001,6887200,0.003921092135835913
2011-02-14,122.489998,122.709999,122.300003,122.610001,98.808022,4093900,-0.00032640807052874976
2011-02-15,122.339996,122.370003,121.879997,122.199997,98.477661,4854700,-0.003349065211021518
2011-02-16,122.489998,123.059998,122.370003,122.879997,99.025627,5680000,0.005548944643642528
2011-02-17,122.650002,123.339996,122.57,123.160004,99.251305,4856500,0.0022763928731217575
2011-02-18,122.970001,123.639999,122.82,123.599998,99.849098,6320900,0.006004958175228836
2011-02-22,122.870003,123.279999,121.489998,121.889999,98.467636,9844300,-0.013932100611037335
2011-02-23,121.66999799999999,121.769997,120.360001,120.849998,97.627563,14461100,-0.008568064323299929
2011-02-24,120.769997,121.040001,119.559998,120.41999799999999,97.280151,12247300,-0.003564890899312445
2011-02-25,120.940002,121.33000200000001,120.739998,121.139999,97.861816,5649800,0.005961472374169219
2011-02-28,121.5,122.18,121.440002,122.150002,98.67774200000001,5759600,0.008302966545175039
2011-03-01,122.400002,122.480003,120.370003,120.370003,97.239784,9666700,-0.014679481219038948
2011-03-02,120.25,120.980003,120.0,120.449997,97.30439,8298400,0.0006641782279741548
2011-03-03,121.440002,122.660004,121.43,122.360001,98.847374,7297200,0.015732877395143063
2011-03-04,122.43,122.529999,120.599998,121.470001,98.128387,10366700,-0.007300291056148822
2011-03-07,121.769997,122.260002,120.209999,120.709999,97.51443499999999,8355500,-0.006276274376976865
2011-03-08,120.870003,122.389999,120.58000200000001,121.989998,98.548477,8009200,0.010548161067749362
2011-03-09,121.870003,122.459999,121.449997,122.010002,98.56462900000001,7819900,0.0001638856021690671
2011-03-10,120.949997,121.050003,119.620003,119.730003,96.72274,15698000,-0.018863929894305187
2011-03-11,119.269997,120.839996,119.220001,120.41999799999999,97.280151,10479900,0.005746435334089917
2011-03-14,119.769997,120.110001,118.91999799999999,119.849998,96.819702,8026700,-0.004744463806706456
2011-03-15,117.099998,119.129997,116.91999799999999,118.43,95.672562,14786600,-0.011918957744111225
2011-03-16,117.989998,118.209999,115.510002,116.160004,93.838776,16469000,-0.019353388104336844
2011-03-17,117.449997,117.980003,116.910004,117.690002,95.074776,7902300,0.013085536994946523
2011-03-18,118.83000200000001,119.010002,118.0,118.269997,95.72711899999999,10498900,0.006837935669537387
2011-03-21,119.550003,120.519997,119.550003,120.07,97.184044,7615000,0.015104908166283515
2011-03-22,120.150002,120.239998,119.769997,119.91999799999999,97.06264499999999,6360500,-0.0012499468220621424
2011-03-23,119.68,120.910004,119.440002,120.629997,97.637291,6693400,0.005902905572537698
2011-03-24,121.25,121.650002,120.720001,121.459999,98.309113,4827100,0.0068572284950843
2011-03-25,121.699997,122.33000200000001,121.599998,121.959999,98.71378299999999,6604100,0.004107853221777091
2011-03-28,122.110001,122.459999,121.699997,121.760002,98.55190999999999,2663400,-0.0016411676442169565
2011-03-29,121.739998,122.599998,121.489998,122.510002,99.15894300000001,6025800,0.006140633134259943
2011-03-30,123.0,123.58000200000001,122.940002,123.209999,99.72560899999999,4100800,0.005698456996467094
2011-03-31,123.18,123.559998,122.949997,123.019997,99.57178499999999,4355100,-0.0015436632407306305
2011-04-01,123.589996,123.949997,123.139999,123.459999,99.927864,5203200,0.0035697243570007586
2011-04-04,123.639999,123.839996,123.449997,123.760002,100.17067,6278900,0.0024268655478572043
2011-04-05,123.519997,124.139999,123.260002,123.650002,100.081696,8523300,-0.0008886187727217276
2011-04-06,124.209999,124.360001,123.800003,124.16999799999999,100.502533,4246000,0.004196118703703178
2011-04-07,124.040001,124.25,123.110001,123.910004,100.29216,6542200,-0.002095404752297192
2011-04-08,124.290001,124.349998,123.050003,123.650002,100.081696,6080300,-0.002100713951405986
2011-04-11,123.790001,124.279999,123.360001,123.639999,100.07358599999999,5467500,-8.103708204387772e-05
2011-04-12,122.91999799999999,123.099998,122.16999799999999,122.459999,99.118462,5161400,-0.009590054720965746
2011-04-13,123.16999799999999,123.209999,122.08000200000001,122.550003,99.191376,4278200,0.0007353543729458067
2011-04-14,121.970001,122.889999,121.459999,122.720001,99.328934,4338300,0.0013858332380740634
2011-04-15,122.879997,123.41999799999999,122.449997,123.190002,99.800446,5299500,0.004735743979385809
2011-04-18,121.83000200000001,121.879997,120.650002,121.739998,98.625786,10033200,-0.011839903529278217
2011-04-19,121.959999,122.489998,121.730003,122.389999,99.152328,5007200,0.005324585550533278
2011-04-20,123.93,124.529999,123.760002,124.339996,100.73207099999999,6708700,0.01580689538931157
2011-04-21,124.629997,124.809998,124.190002,124.790001,101.096642,4019100,0.0036126811799608305
2011-04-25,124.660004,124.709999,124.209999,124.550003,100.902222,4441200,-0.0019249619149830366
2011-04-26,124.790001,125.879997,124.650002,125.699997,101.833855,6200000,0.009190663759157225
2011-04-27,125.879997,126.870003,125.66999799999999,126.690002,102.635933,5703800,0.007845482914029311
2011-04-28,126.559998,127.540001,126.540001,127.41999799999999,103.227303,11788000,0.005745286416040329
2011-04-29,127.559998,128.119995,127.540001,128.03999299999998,103.729561,11425900,0.00485375528356613
2011-05-02,128.600006,128.630005,127.620003,127.839996,103.56753499999999,10518700,-0.0015632253043706967
2011-05-03,127.760002,128.179993,127.269997,127.82,103.551384,7708200,-0.0001559587130977036
2011-05-04,127.66999799999999,127.760002,126.510002,126.970001,102.862747,8253900,-0.006672407083406107
2011-05-05,126.58000200000001,126.839996,125.0,125.639999,101.785255,11362900,-0.010530295396161016
2011-05-06,126.730003,127.440002,125.83000200000001,126.269997,102.295647,9866400,0.005001869935989056
2011-05-09,126.239998,127.07,126.040001,126.709999,102.652084,5464900,0.0034783245233382942
2011-05-10,126.959999,127.66999799999999,126.809998,127.449997,103.251572,4179600,0.005823011650901044
2011-05-11,127.199997,127.25,125.739998,126.309998,102.328026,7813600,-0.008984862524875403
2011-05-12,125.959999,127.160004,125.370003,126.989998,102.878937,6684200,0.005369333627838202
2011-05-13,126.980003,127.120003,125.410004,125.959999,102.044464,6677500,-0.008144288143106415
2011-05-16,125.57,126.41999799999999,125.290001,125.470001,101.647491,4399900,-0.003897782831837837
2011-05-17,124.93,125.260002,123.849998,124.809998,101.112854,25391000,-0.0052735976461049106
2011-05-18,124.889999,125.849998,124.559998,125.709999,101.841972,4534600,0.007185058380701825
2011-05-19,126.110001,126.480003,125.459999,126.18,102.22274,4714900,0.0037318401419756952
2011-05-20,125.510002,125.660004,124.57,124.849998,101.479034,6881200,-0.007301942342722967
2011-05-23,123.220001,123.879997,123.029999,123.519997,100.397942,5901700,-0.010710506529132857
2011-05-24,123.809998,123.959999,123.209999,123.300003,100.219208,4244400,-0.0017818421534698814
2011-05-25,122.839996,124.129997,122.800003,123.650002,100.503647,4110900,0.0028341485118268395
2011-05-26,123.410004,124.16999799999999,122.91999799999999,123.800003,100.62559499999999,6190400,0.0012126333667925593
2011-05-27,124.18,124.650002,123.980003,124.230003,100.975075,4402800,0.0034670554425861866
2011-05-31,125.33000200000001,125.550003,124.599998,125.5,102.007347,5290000,0.010171135894732508
2011-06-01,125.129997,125.18,122.620003,122.699997,99.731453,8218900,-0.02256373645718668
2011-06-02,122.760002,122.870003,121.720001,122.300003,99.406357,8832200,-0.003265038304944845
2011-06-03,120.879997,122.0,120.839996,121.32,98.60985600000001,6224000,-0.00804484929488325
2011-06-06,121.099998,121.339996,120.510002,120.730003,98.130264,4679000,-0.004875395521469983
2011-06-07,121.279999,121.599998,120.470001,120.489998,97.935165,3834600,-0.001990142427337638
2011-06-08,120.410004,120.83000200000001,120.08000200000001,120.300003,97.780746,6860100,-0.0015779916027636176
2011-06-09,120.589996,121.68,120.43,121.120003,98.447273,4024900,0.0067934188682778895
2011-06-10,120.650002,120.739998,119.209999,119.370003,97.024849,7384800,-0.01455398440789768
2011-06-13,119.730003,120.040001,119.089996,119.459999,97.098,5363200,0.0007536568089667739
2011-06-14,120.25,121.139999,120.209999,120.699997,98.105873,4853100,0.010326454498689408
2011-06-15,119.650002,120.059998,118.550003,118.879997,96.62655600000001,20958800,-0.015193621990681194
2011-06-16,118.839996,119.849998,118.690002,119.529999,97.154892,7469900,0.005452919405808387
2011-06-17,120.230003,120.470001,119.43,119.739998,97.495239,7742000,0.003497016365690442
2011-06-20,119.349998,120.739998,119.339996,120.540001,98.146614,5679800,0.006658875868067682
2011-06-21,120.980003,121.910004,120.739998,121.589996,99.00155600000001,4744500,0.00867314527241625
2011-06-22,121.150002,121.809998,120.790001,120.809998,98.366463,4702500,-0.006435644388735007
2011-06-23,119.620003,120.339996,118.489998,120.32,97.967461,9033500,-0.0040645298701003085
2011-06-24,120.230003,120.309998,118.989998,119.199997,97.055565,6643300,-0.009351743376397437
2011-06-27,119.269997,120.730003,119.08000200000001,120.199997,97.86979699999999,4488800,0.008354343707980938
2011-06-28,120.629997,121.650002,120.489998,121.610001,99.017799,4085500,0.011661628597932072
2011-06-29,122.0,122.610001,121.489998,122.449997,99.701759,5712400,0.006883697887469786
2011-06-30,122.900002,124.019997,122.760002,123.83000200000001,100.825386,4754500,0.011206849426731225
2011-07-01,124.089996,125.720001,123.800003,125.58000200000001,102.25029,8692000,0.014033461937033032
2011-07-05,125.540001,125.809998,125.160004,125.489998,102.177032,5324300,-0.0007167144041142492
2011-07-06,125.379997,126.260002,125.230003,126.089996,102.665527,9795100,0.004769476893907054
2011-07-07,126.83000200000001,127.370003,126.599998,127.099998,103.48793,4400700,0.007978593952985058
2011-07-08,126.029999,126.41999799999999,125.5,126.389999,102.909821,5987200,-0.005601907084926694
2011-07-11,125.16999799999999,125.459999,124.540001,124.949997,101.73735,6931200,-0.011458588193089092
2011-07-12,124.860001,125.540001,124.309998,124.33000200000001,101.232536,12501300,-0.004974285110506571
2011-07-13,124.959999,125.940002,124.489998,124.800003,101.615196,7366800,0.0037728837305337493
2011-07-14,124.889999,125.66999799999999,123.970001,124.209999,101.134781,6517000,-0.004738998309238518
2011-07-15,124.709999,124.769997,123.779999,124.559998,101.51132199999999,7853000,0.0037162464787305893
2011-07-18,123.900002,124.019997,122.720001,123.620003,100.745293,6150200,-0.0075748589265698385
2011-07-19,124.400002,125.82,124.32,125.629997,102.383263,5848000,0.016127771848402972
2011-07-20,125.769997,125.83000200000001,125.260002,125.459999,102.244766,3291800,-0.001353646632134442
2011-07-21,126.029999,127.300003,125.730003,127.029999,103.5243,6881400,0.012436762408307267
2011-07-22,126.879997,127.019997,126.220001,126.599998,103.17381999999999,5848500,-0.003391229062840395
2011-07-25,125.339996,126.339996,125.129997,125.760002,102.489296,5236200,-0.0066567748371006985
2011-07-26,125.360001,125.529999,124.66999799999999,124.83000200000001,101.73135400000001,7202900,-0.007422809398498487
2011-07-27,124.370003,124.389999,122.690002,122.839996,100.109566,7558600,-0.016070308267806865
2011-07-28,122.82,123.660004,122.07,122.279999,99.65323599999999,7454600,-0.0045687264014011575
2011-07-29,121.08000200000001,122.230003,120.639999,121.129997,98.716011,16015400,-0.0094493676609817
2011-08-01,122.739998,122.959999,119.769997,121.110001,98.699722,11630000,-0.00016502230890491631
2011-08-02,120.32,121.0,118.41999799999999,118.459999,96.540054,9644500,-0.02212414023363518
2011-08-03,118.599998,118.889999,116.83000200000001,118.800003,96.817154,16594800,0.0028661997405379225
2011-08-04,117.32,117.57,113.559998,113.709999,92.66900600000001,19368300,-0.043790120018159406
2011-08-05,115.129997,115.559998,111.260002,114.25,93.109093,30450400,0.004737779378426232
2011-08-08,111.269997,113.029999,108.019997,108.07,88.072678,30395700,-0.055609488701271026
2011-08-09,109.660004,112.379997,105.940002,112.370003,91.57695,32097800,0.03901724247409799
2011-08-10,110.220001,110.66999799999999,106.870003,107.16999799999999,87.339149,27711600,-0.047380797980539846
2011-08-11,108.199997,112.82,107.83000200000001,111.25,90.66422299999999,17393500,0.03736402057986954
2011-08-12,112.489998,113.489998,111.58000200000001,112.800003,91.92742199999999,14097500,0.013836549347407079
2011-08-15,113.779999,114.879997,113.440002,114.809998,93.565483,13586200,0.01766216969694856
2011-08-16,113.940002,114.910004,112.970001,114.08000200000001,92.97060400000001,10846800,-0.006378186937108232
2011-08-17,114.699997,115.459999,113.379997,114.260002,93.117249,9350200,0.0015760838549301326
2011-08-18,111.599998,111.699997,109.010002,110.07,89.70258299999999,18143700,-0.03735987638418958
2011-08-19,108.290001,110.629997,107.769997,107.910004,88.278343,15277500,-0.016004753247684356
2011-08-22,110.18,110.300003,108.010002,108.300003,88.59736600000001,11314800,0.003607316660386495
2011-08-23,108.849998,111.470001,108.43,111.370003,91.108864,12374800,0.02795297115382045
2011-08-24,111.25,113.07,110.910004,112.949997,92.40142800000001,9256900,0.014087333870374863
2011-08-25,113.389999,113.779999,110.809998,111.260002,91.01880600000001,10391700,-0.015076288567263063
2011-08-26,110.720001,113.07,109.089996,112.699997,92.19686899999999,13140300,0.012860026694275994
2011-08-29,113.970001,115.199997,113.91999799999999,115.139999,94.192993,7117800,0.021419623326235815
2011-08-30,114.83000200000001,116.160004,114.129997,115.349998,94.364769,10480300,0.0018219992186807588
2011-08-31,116.160004,116.970001,115.120003,115.949997,94.855583,8390900,0.005187762263201279
2011-09-01,116.089996,117.029999,114.720001,114.870003,93.972107,7690900,-0.009357551815610599
2011-09-02,112.739998,113.279999,111.949997,112.279999,91.853226,9426300,-0.02280607066653051
2011-09-06,109.400002,111.459999,109.18,111.209999,90.97798900000001,10881100,-0.009574335388164101
2011-09-07,112.739998,114.019997,112.400002,113.940002,93.21131899999999,7271500,0.024251564676629478
2011-09-08,113.379997,114.68,112.730003,112.870003,92.335922,7772800,-0.009435909587820035
2011-09-09,111.639999,111.699997,109.220001,109.82,89.840828,11877700,-0.027393726454906897
2011-09-12,108.370003,110.550003,108.150002,110.510002,90.405289,10062000,0.006263245551450858
2011-09-13,110.68,111.370003,109.82,110.91999799999999,90.74069200000001,10836700,0.0037031280675901
2011-09-14,111.489998,113.83000200000001,109.870003,112.400002,91.951462,14634500,0.013254950478107652
2011-09-15,113.43,114.33000200000001,112.83000200000001,114.260002,93.473076,9646000,0.01641258673819923
2011-09-16,114.610001,115.129997,113.809998,114.860001,94.136909,12330800,0.007076763749290116
2011-09-19,113.099998,114.220001,112.290001,113.720001,93.202606,9727400,-0.009974518683015354
2011-09-20,114.260002,115.260002,113.480003,113.879997,93.333725,8070700,0.0014058282468827343
2011-09-21,113.93,114.230003,110.879997,110.949997,90.932335,14933100,-0.026065852418978963
2011-09-22,107.949997,108.400002,105.720001,107.07,87.752411,19744500,-0.0355963207499288
2011-09-23,106.440002,107.870003,106.129997,107.449997,88.063843,12056800,0.003542702322904212
2011-09-26,108.410004,110.33000200000001,107.480003,110.239998,90.350441,11476000,0.025633857969684648
2011-09-27,112.410004,113.449997,111.089996,111.709999,91.55524399999999,13564400,0.013246651610253402
2011-09-28,112.099998,112.959999,109.739998,109.83000200000001,90.014427,11260200,-0.016972592171248024
2011-09-29,111.870003,112.5,109.43,111.379997,91.28473699999999,13212200,0.014013641991024173
2011-09-30,109.809998,111.160004,108.870003,108.93,89.27681700000001,10338600,-0.022241753358880345
2011-10-03,108.209999,109.610001,106.300003,106.360001,87.17047099999999,13520400,-0.023876207871791344
2011-10-04,105.08000200000001,108.089996,103.839996,107.720001,88.28511800000001,18100000,0.012705916090316016
2011-10-05,107.849998,109.410004,107.260002,109.279999,89.563683,9967000,0.014378359820070408
2011-10-06,109.300003,111.209999,108.470001,111.089996,91.047089,8534300,0.01642692006392643
2011-10-07,111.870003,112.209999,110.379997,111.019997,90.989738,10022000,-0.0006301032911055771
2011-10-10,112.599998,114.239998,112.589996,114.209999,93.604225,7176500,0.028328790426553674
2011-10-11,113.620003,114.349998,113.529999,114.010002,93.440308,7836000,-0.0017527060463455868
2011-10-12,114.769997,116.120003,114.410004,114.989998,94.243484,7855800,0.008558873352290775
2011-10-13,114.529999,115.010002,113.639999,114.660004,93.973007,5493900,-0.0028741072023210634
2011-10-14,115.82,116.349998,115.160004,116.339996,95.349915,5256900,0.014545859136156913
2011-10-17,115.839996,115.879997,113.639999,113.900002,93.35013599999999,8397900,-0.021196113724117893
2011-10-18,113.540001,116.41999799999999,112.83000200000001,115.510002,94.66964,11694400,0.01403603058119618
2011-10-19,115.470001,116.25,114.58000200000001,114.949997,94.210678,15286300,-0.004859827727635491
2011-10-20,115.07,115.769997,113.839996,115.33000200000001,94.522163,7944500,0.0033008063796460263
2011-10-21,116.449997,117.879997,116.43,117.849998,96.742661,13012000,0.023220137632998572
2011-10-24,118.16999799999999,119.160004,118.010002,118.879997,97.588165,8407500,0.008701752084951941
2011-10-25,118.220001,118.360001,116.57,116.790001,95.872498,9405200,-0.017737062953417038
2011-10-26,118.379997,118.660004,116.68,118.410004,97.20238499999999,9938700,0.01377608533529262
2011-10-27,121.08000200000001,122.58000200000001,120.449997,121.940002,100.100121,12948500,0.02937564690925054
2011-10-28,121.58000200000001,122.239998,121.360001,122.040001,100.18222,6666900,0.0008198326840851422
2011-10-31,120.75,120.91999799999999,119.269997,119.339996,97.965813,13398600,-0.022372156925190012
2011-11-01,116.900002,117.66999799999999,116.029999,116.379997,95.53591899999999,15120600,-0.02511627891420254
2011-11-02,117.800003,118.519997,117.16999799999999,118.129997,96.97251899999999,7605000,0.014925337129032101
2011-11-03,119.230003,120.410004,118.160004,120.190002,98.663551,12007500,0.017287958369283984
2011-11-04,119.400002,119.68,118.239998,119.599998,98.179199,7021900,-0.004921217342451989
2011-11-07,119.519997,120.5,118.550003,120.449997,98.876961,8694400,0.007081888901564248
2011-11-08,121.010002,121.75,119.900002,121.589996,99.81282,7383200,0.009420372967589685
2011-11-09,119.33000200000001,119.66999799999999,117.239998,117.690002,96.611305,12096200,-0.03260086862474143
2011-11-10,118.959999,119.550003,117.879997,118.889999,97.59638199999999,9960400,0.010144659703196446
2011-11-11,120.239998,121.709999,120.220001,121.529999,99.76355,7260300,0.021962463083788464
2011-11-14,121.33000200000001,121.57,120.18,120.709999,99.090385,7391200,-0.006770472723600207
2011-11-15,120.379997,121.58000200000001,119.93,120.870003,99.22174100000001,6467700,0.0013247401645033463
2011-11-16,119.870003,121.139999,118.910004,119.099998,97.76876800000001,7142200,-0.014751973148675823
2011-11-17,119.059998,119.510002,116.790001,117.83000200000001,96.726265,10984300,-0.010720201619967895
2011-11-18,117.959999,118.300003,117.290001,117.730003,96.87844799999999,8307400,0.001572100482319705
2011-11-21,116.110001,116.32,114.279999,115.160004,94.763672,18829600,-0.022070950230735242
2011-11-22,114.980003,115.529999,114.129997,114.739998,94.41800699999999,8396900,-0.0036543219882236855
2011-11-23,113.75,113.889999,112.33000200000001,112.33000200000001,92.43486800000001,7988400,-0.021227540306345993
2011-11-25,112.279999,113.459999,112.139999,112.139999,92.27855699999999,3532100,-0.0016924707807479678
2011-11-28,114.779999,115.480003,114.309998,115.099998,94.714287,6666100,0.026053058713076283
2011-11-29,115.32,116.18,115.110001,115.559998,95.09279599999999,5325400,0.003988360136650826
2011-11-30,118.410004,120.389999,118.410004,120.190002,98.90278599999999,11581500,0.039284193258597
2011-12-01,120.010002,120.550003,119.660004,120.129997,98.85341600000001,5437700,-0.0004993016707075526
2011-12-02,121.220001,121.400002,120.0,120.059998,98.795799,5584400,-0.0005830228228536072
2011-12-05,121.769997,121.849998,120.209999,120.949997,99.528145,6285400,0.007385384880689294
2011-12-06,120.959999,122.089996,120.68,121.389999,99.89022800000001,7062300,0.0036313945646302415
2011-12-07,121.059998,122.57,120.58000200000001,122.07,100.449768,9026700,0.005585918599290807
2011-12-08,121.5,121.809998,119.639999,119.940002,98.69706,9595600,-0.01760262288976211
2011-12-09,120.470001,122.110001,120.410004,121.779999,100.211166,8999200,0.015224460806113171
2011-12-12,120.910004,120.959999,119.379997,120.239998,98.943901,6291500,-0.012726586609432822
2011-12-13,120.910004,121.489998,119.050003,119.510002,98.343193,7761800,-0.006089702516583806
2011-12-14,119.08000200000001,119.489998,117.910004,118.32,97.36398299999999,10062700,-0.01000697257471117
2011-12-15,119.589996,119.75,118.58000200000001,118.809998,97.76715899999999,5261400,0.004132365235008706
2011-12-16,119.099998,119.400002,117.889999,118.220001,97.574051,7758400,-0.0019771359346654194
2011-12-19,118.650002,118.980003,117.050003,117.360001,96.864235,7977500,-0.007301228249178671
2011-12-20,119.110001,120.879997,119.07,120.68,99.60440799999999,7867300,0.027896061721056853
2011-12-21,120.800003,120.870003,119.690002,120.809998,99.71172299999999,6679800,0.0010768321643768175
2011-12-22,121.139999,121.550003,120.910004,121.529999,100.305984,4202800,0.00594210140146334
2011-12-23,121.699997,122.68,121.5,122.629997,101.213875,2281300,0.009010497993260813
2011-12-27,122.480003,123.0,122.400002,122.66999799999999,101.246902,3878700,0.0003262557892185214
2011-12-28,122.660004,122.720001,121.129997,121.25,100.074883,3871400,-0.01164337223287415
2011-12-29,121.519997,122.68,121.459999,122.519997,101.12309300000001,5133600,0.010419781596850974
2011-12-30,122.33000200000001,122.629997,121.839996,121.849998,100.570099,4734000,-0.005483530506760204
2012-01-03,123.940002,124.529999,123.610001,123.629997,102.03922299999999,7175100,0.014502291738814677
2012-01-04,123.400002,124.050003,123.110001,123.970001,102.319878,7625200,0.0027466863484102433
2012-01-05,123.459999,124.110001,122.589996,123.949997,102.303383,8678900,-0.00016122311759758645
2012-01-06,124.08000200000001,124.08000200000001,123.139999,123.529999,101.956696,7488600,-0.0033945676963016425
2012-01-09,123.690002,123.910004,123.139999,123.660004,102.06399499999999,5881800,0.0010518443925153775
2012-01-10,124.879997,125.0,124.269997,124.379997,102.658272,5274400,0.005805706217929085
2012-01-11,124.040001,124.449997,123.800003,124.290001,102.584007,4890300,-0.0007236813350832705
2012-01-12,124.5,124.66999799999999,123.660004,124.529999,102.782059,5591300,0.0019287710502160493
2012-01-13,123.709999,124.160004,122.91999799999999,124.160004,102.47672299999999,6392100,-0.0029751343377020234
2012-01-17,125.040001,125.57,124.459999,124.620003,102.8564,5348800,0.0036981606003969603
2012-01-18,124.529999,125.720001,124.410004,125.620003,103.681725,6473000,0.007992029490555552
2012-01-19,125.989998,126.18,125.519997,126.16999799999999,104.135696,8095300,0.004368947703427217
2012-01-20,126.040001,126.959999,125.949997,126.959999,104.926552,6995400,0.007565782727543713
2012-01-23,126.889999,127.360001,126.379997,126.809998,104.802605,5166800,-0.0011819721797676763
2012-01-24,126.099998,126.550003,125.870003,126.43,104.488602,4798200,-0.003000634762471144
2012-01-25,126.059998,127.519997,125.470001,127.25,105.166275,9642500,0.006464675373223372
2012-01-26,127.849998,128.130005,126.650002,127.059998,105.009277,5902300,-0.0014939704233620787
2012-01-27,126.470001,126.760002,126.010002,126.449997,104.505074,6136400,-0.004813073385601996
2012-01-30,125.389999,126.309998,125.0,126.230003,104.323257,5910600,-0.0017413063167310838
2012-01-31,126.879997,126.91999799999999,125.379997,126.07,104.19103199999999,5951700,-0.0012682585769789867
2012-02-01,127.07,127.589996,126.769997,126.910004,104.885269,9891000,0.006641016204875783
2012-02-02,127.019997,127.160004,126.480003,126.839996,104.827393,4531500,-0.000551955241208546
2012-02-03,128.03999299999998,128.490005,127.83000200000001,128.369995,106.09189599999999,8654000,0.011990540609932765
2012-02-06,127.83000200000001,128.190002,127.68,128.119995,105.885254,3852400,-0.001949663588336037
2012-02-07,127.949997,128.759995,127.550003,128.509995,106.207619,5739300,0.0030398498891521797
2012-02-08,128.619995,128.800003,128.029999,128.71000700000002,106.372887,4884400,0.0015548747757376802
2012-02-09,128.96000700000002,129.119995,128.300003,128.759995,106.414185,5416600,0.0003881626842305863
2012-02-10,127.760002,127.91999799999999,127.300003,127.849998,105.662148,6380600,-0.007092164802855905
2012-02-13,128.679993,128.770004,128.080002,128.58999599999999,106.27368899999999,4654100,0.005771017359955444
2012-02-14,128.380005,128.690002,127.779999,128.66000400000001,106.331528,5608500,0.0005440976683734888
2012-02-15,129.0,129.03999299999998,127.57,127.860001,105.67038000000001,9589200,-0.006237209368636698
2012-02-16,127.980003,129.179993,127.949997,129.070007,106.67041,8699000,0.009419173712348794
2012-02-17,129.309998,129.389999,128.860001,129.229996,107.078094,5765200,0.0038146184579739284
2012-02-21,129.619995,129.75,128.96000700000002,129.350006,107.17750500000001,6589200,0.000927966481135023
2012-02-22,129.229996,129.5,128.850006,129.139999,107.00351,6092200,-0.0016247475368071918
2012-02-23,128.990005,129.690002,128.550003,129.580002,107.36808799999999,12890500,0.003401368044032793
2012-02-24,129.770004,129.899994,129.25,129.619995,107.401169,3769100,0.0003080608530634521
2012-02-27,128.929993,130.03999299999998,128.570007,129.66000400000001,107.43436399999999,5778600,0.0003090270943602036
2012-02-28,129.639999,130.03999299999998,129.33999599999999,129.860001,107.60009,4953700,0.0015413905049106447
2012-02-29,130.020004,130.369995,129.08999599999999,129.28999299999998,107.127769,7724200,-0.004399259266627098
2012-03-01,129.600006,130.16000400000001,129.229996,129.570007,107.35979499999999,6684300,0.0021635388661280786
2012-03-02,129.53999299999998,129.78999299999998,129.080002,129.550003,107.343185,3818700,-0.00015472537952820886
2012-03-05,129.419998,129.58999599999999,128.639999,129.419998,107.23548100000001,5286400,-0.0010038650258437087
2012-03-06,127.93,129.46000700000002,127.18,127.449997,105.60318799999999,14410100,-0.015338613142279911
2012-03-07,127.639999,128.449997,127.459999,128.229996,106.249481,5736200,0.0061013628763042504
2012-03-08,128.820007,129.270004,128.550003,128.919998,106.82116699999999,4417000,0.005366176685660307
2012-03-09,129.220001,129.58999599999999,128.940002,129.149994,107.011765,6248400,0.0017826819161417262
2012-03-12,129.169998,129.669998,129.100006,129.46000700000002,107.268639,5197000,0.002397551229631034
2012-03-13,130.050003,131.770004,129.850006,131.679993,109.108078,8699500,0.017002599343046043
2012-03-14,131.78999299999998,132.169998,131.619995,131.880005,109.27383400000001,5124600,0.0015180381041002278
2012-03-15,132.009995,132.490005,131.669998,132.41000400000001,109.712944,5716900,0.004010384485622076
2012-03-16,132.529999,132.610001,132.020004,132.050003,109.62579299999999,5047200,-0.000794670433306166
2012-03-19,131.91000400000001,132.399994,131.779999,132.070007,109.642372,4424000,0.00015122122294020102
2012-03-20,131.360001,131.699997,130.919998,131.380005,109.06958,5403700,-0.005237878445369937
2012-03-21,131.529999,131.610001,130.809998,130.990005,108.745827,5031900,-0.002972730376418653
2012-03-22,130.240005,130.550003,129.860001,130.169998,108.06503300000001,6987900,-0.0062800935111582135
2012-03-23,130.220001,130.71000700000002,129.71000700000002,130.600006,108.42201200000001,4373300,0.003297927814124968
2012-03-26,131.389999,132.139999,131.33999599999999,132.08999599999999,109.659042,4991500,0.011344802722635272
2012-03-27,132.220001,132.350006,131.649994,131.669998,109.310303,5777300,-0.0031852796094256064
2012-03-28,131.729996,131.860001,130.41000400000001,130.979996,108.737495,5293700,-0.0052539793835757465
2012-03-29,130.270004,131.240005,130.03999299999998,131.130005,108.86201499999999,4487400,0.0011444879962443366
2012-03-30,131.71000700000002,131.970001,131.179993,131.800003,109.41823600000001,4218500,0.0050964042909145135
2012-04-02,131.559998,132.679993,131.229996,132.300003,109.83335100000001,8683800,0.0037866589856916377
2012-04-03,132.149994,132.399994,131.050003,131.669998,109.310303,6098700,-0.004773571889274741
2012-04-04,130.66000400000001,130.770004,129.949997,130.509995,108.34724399999999,10402500,-0.008849362662827431
2012-04-05,130.100006,130.71000700000002,129.929993,130.389999,108.24769599999999,4179800,-0.0009192089806848713
2012-04-09,128.96000700000002,129.58999599999999,128.83999599999999,129.119995,107.193344,5360200,-0.009787925434598499
2012-04-10,128.869995,129.070007,126.91999799999999,127.010002,105.441727,12912700,-0.01647570755345562
2012-04-11,128.169998,128.28999299999998,127.739998,127.849998,106.138985,5603300,0.006590964909124253
2012-04-12,128.119995,129.78999299999998,128.03999299999998,129.720001,107.69148999999999,7164600,0.014521150743349587
2012-04-13,129.320007,129.360001,128.270004,128.399994,106.595657,8826800,-0.010227795442220966
2012-04-16,129.229996,129.699997,128.679993,129.070007,107.151871,7503100,0.00520441345607825
2012-04-17,129.830002,131.130005,129.809998,130.940002,108.7043,6290900,0.014384168492711957
2012-04-18,130.270004,130.800003,130.080002,130.149994,108.048447,5057100,-0.006051641888284998
2012-04-19,130.229996,130.669998,128.820007,129.53999299999998,107.54203799999999,8957000,-0.004697887584199201
2012-04-20,129.96000700000002,130.529999,129.899994,129.979996,108.031517,5686800,0.004541186336001424
2012-04-23,128.740005,129.080002,128.16000400000001,129.020004,107.23366499999999,5180000,-0.00741277011010677
2012-04-24,129.270004,130.229996,129.259995,129.720001,107.815529,4418700,0.00541146338765941
2012-04-25,130.5,130.830002,130.110001,130.639999,108.580101,7342000,0.0070664567631109065
2012-04-26,130.559998,132.029999,130.490005,131.850006,109.585831,4577100,0.009219928292964141
2012-04-27,132.08999599999999,132.41000400000001,131.66000400000001,132.0,109.71048700000001,3969500,0.0011368728354694824
2012-04-30,131.809998,132.020004,131.490005,131.800003,109.544296,3670500,-0.0015159626581793262
2012-05-01,131.850006,133.139999,131.399994,132.529999,110.15095500000001,5453200,0.005522746069379636
2012-05-02,132.03999299999998,132.509995,131.649994,132.399994,110.042969,3746000,-0.0009808264160557911
2012-05-03,132.41000400000001,132.580002,131.5,131.809998,109.55258899999998,5043100,-0.004466217983681631
2012-05-04,131.130005,131.320007,129.970001,130.08999599999999,108.12298600000001,5934300,-0.01313536031751994
2012-05-07,129.5,130.25,129.449997,129.83999599999999,107.915222,4040500,-0.0019234011055253575
2012-05-08,129.169998,129.330002,127.910004,129.080002,107.283546,7641700,-0.005870645265008356
2012-05-09,128.0,129.119995,127.379997,128.33999599999999,106.66848799999998,11921700,-0.005749510138551628
2012-05-10,128.809998,129.279999,128.21000700000002,128.440002,106.751602,5325000,0.0007788770420047442
2012-05-11,127.800003,129.16000400000001,127.730003,128.179993,106.535522,3673800,-0.002026189578376858
2012-05-14,127.18,127.690002,126.599998,126.949997,105.51320600000001,6069000,-0.00964234900572336
2012-05-15,126.82,127.589996,126.07,126.309998,104.98127,6713000,-0.005054167144422195
2012-05-16,126.779999,127.370003,126.129997,126.18,104.873253,6043200,-0.0010294465708451384
2012-05-17,126.209999,126.25,124.550003,124.57,103.53511800000001,8985300,-0.012841647219975272
2012-05-18,124.529999,124.650002,123.089996,123.309998,102.839554,10861600,-0.006740813948179714
2012-05-21,123.690002,124.809998,123.440002,124.809998,104.090538,5384900,0.012091032563744442
2012-05-22,124.900002,125.480003,124.190002,124.83000200000001,104.107208,9856100,0.00016013622006827433
2012-05-23,123.949997,124.800003,122.82,124.709999,104.007141,8600000,-0.000961654092496822
2012-05-24,124.91999799999999,125.160004,123.959999,125.120003,104.34906,7043000,0.0032820650912883664
2012-05-25,124.93,125.099998,123.970001,124.260002,103.631851,6725100,-0.006896900677281437
2012-05-29,125.230003,125.91999799999999,124.900002,125.599998,104.74943499999999,6828700,0.010726440333260534
2012-05-30,124.529999,124.610001,123.739998,123.989998,103.40664699999999,6874300,-0.012901920652083732
2012-05-31,124.019997,124.739998,123.010002,123.699997,103.16481,7793500,-0.002341437815252867
2012-06-01,122.129997,122.41999799999999,120.910004,121.010002,100.921387,11815100,-0.021985939287945122
2012-06-04,121.089996,121.279999,120.190002,120.779999,100.729591,6369000,-0.0019022576507001787
2012-06-05,120.639999,121.32,120.519997,121.089996,100.988052,6619900,0.0025626032269414623
2012-06-06,121.989998,123.989998,121.949997,123.93,103.356636,6138400,0.023183280251105387
2012-06-07,125.16999799999999,125.43,124.260002,124.519997,103.848663,8806300,0.004749182836242483
2012-06-08,124.120003,125.43,123.860001,125.43,104.607605,4432700,0.00728157863157719
2012-06-11,126.379997,126.489998,123.849998,123.980003,103.398315,7232100,-0.011627588529392163
2012-06-12,124.400002,125.660004,124.040001,125.589996,104.741066,4923700,0.012902600378692064
2012-06-13,125.339996,125.940002,124.480003,124.889999,104.157234,4687100,-0.005589643574014147
2012-06-14,125.120003,126.940002,124.949997,126.370003,105.39157900000001,8162700,0.011781114471640208
2012-06-15,126.769997,127.480003,126.639999,127.339996,106.38576499999999,6268400,0.009389043083438686
2012-06-18,126.800003,127.540001,126.650002,127.129997,106.21028899999999,4568500,-0.001650793009068785
2012-06-19,127.730003,128.71000700000002,127.510002,128.059998,106.98724399999999,3869500,0.007288625047835673
2012-06-20,128.119995,128.490005,127.110001,127.959999,106.903725,9212800,-0.0007809493279236079
2012-06-21,128.149994,128.33999599999999,125.339996,125.440002,104.798416,7702600,-0.019890005805144106
2012-06-22,126.129997,126.480003,125.779999,126.230003,105.458405,5295800,0.006277952501339001
2012-06-25,125.059998,125.089996,124.32,124.760002,104.230293,5922300,-0.011713802932102446
2012-06-26,125.029999,125.510002,124.25,125.08000200000001,104.49765,7551600,0.002561776275592287
2012-06-27,125.400002,126.230003,125.32,126.010002,105.274643,3717100,0.007407999810014054
2012-06-28,125.019997,125.860001,124.25,125.800003,105.09915900000001,6460100,-0.0016683069758025582
2012-06-29,127.75,128.570007,127.440002,128.449997,107.31309499999999,5844400,0.020846407248838794
2012-07-02,128.619995,128.770004,127.690002,128.360001,107.237877,3837000,-0.0007011667426208845
2012-07-03,128.369995,129.229996,128.240005,129.149994,107.897903,2717700,0.006135920959351893
2012-07-05,128.619995,129.41000400000001,128.300003,128.779999,107.588829,6637500,-0.002868614778066103
2012-07-06,127.790001,127.809998,126.870003,127.57,106.577927,4341400,-0.009440396134234419
2012-07-09,127.41999799999999,127.5,126.709999,127.239998,106.30220800000001,4503800,-0.0025903699673364144
2012-07-10,127.959999,128.139999,125.910004,126.349998,105.55866999999999,6730900,-0.007019144447619752
2012-07-11,126.43,126.489998,125.190002,125.910004,105.191078,6839500,-0.0034884252651368186
2012-07-12,125.209999,126.160004,124.769997,125.57,104.907021,4412400,-0.0027040432486904464
2012-07-13,125.91999799999999,127.709999,125.860001,127.620003,106.61971299999999,3942000,0.016193976015902223
2012-07-16,127.25,127.510002,126.75,127.120003,106.201973,1991700,-0.003925732798635728
2012-07-17,127.529999,128.149994,126.290001,127.82,106.786774,3326900,0.005491393116415111
2012-07-18,127.489998,129.149994,127.43,128.96000700000002,107.739174,3099300,0.008879170712102535
2012-07-19,129.270004,129.71000700000002,128.809998,129.320007,108.03997,3845000,0.002788000631230858
2012-07-20,128.350006,128.66000400000001,127.809998,128.03999299999998,107.144554,7435600,-0.008322356566473843
2012-07-23,126.019997,127.18,125.529999,126.910004,106.198967,4647900,-0.008864512852755801
2012-07-24,126.93,127.010002,124.940002,125.860001,105.32031299999998,7077400,-0.008308075311342478
2012-07-25,126.599998,127.040001,126.0,126.510002,105.86425,3872300,0.005151306469532102
2012-07-26,128.169998,129.029999,127.93,128.580002,107.596443,8074000,0.016229976572049942
2012-07-27,129.020004,130.889999,128.979996,130.53999299999998,109.23656499999998,7463900,0.015128262024848738
2012-07-30,130.309998,130.990005,130.119995,130.399994,109.119423,4235800,-0.0010729452607263212
2012-07-31,130.25,130.529999,129.690002,129.690002,108.52526100000001,4783400,-0.005459940165995825
2012-08-01,130.470001,130.5,129.179993,129.449997,108.324455,5770000,-0.0018520297015038878
2012-08-02,128.66000400000001,129.28999299999998,127.510002,128.53999299999998,107.562973,10915200,-0.007054465051637315
2012-08-03,130.059998,131.070007,129.880005,130.729996,109.39556100000001,7768300,0.01689384189084908
2012-08-06,130.940002,131.610001,130.880005,130.899994,109.53773500000001,4572700,0.0012987884673831829
2012-08-07,131.320007,131.889999,131.28999299999998,131.380005,109.93952900000001,3584500,0.003661376504674685
2012-08-08,130.940002,131.83999599999999,130.889999,131.550003,110.081726,3003900,0.0012925752995815998
2012-08-09,131.5,131.869995,131.110001,131.570007,110.09850300000001,3355100,0.00015239333802785637
2012-08-10,131.149994,131.949997,130.78999299999998,131.929993,110.399727,4410400,0.0027322141078975903
2012-08-13,131.740005,131.899994,131.020004,131.619995,110.140327,3986700,-0.002352408235311465
2012-08-14,132.050003,132.16000400000001,131.320007,131.66000400000001,110.173798,3421500,0.0003038479739556621
2012-08-15,131.509995,131.990005,131.440002,131.720001,110.223991,2834800,0.0004554764464330674
2012-08-16,131.770004,132.75,131.5,132.570007,110.93528700000002,5340400,0.00643245410282578
2012-08-17,132.28999299999998,132.520004,132.190002,132.419998,111.10224199999999,2484300,0.001503845158218553
2012-08-20,132.190002,132.470001,131.990005,132.380005,111.06871000000001,2266700,-0.0003018576456792488
2012-08-21,132.570007,133.020004,131.570007,131.770004,110.556877,4094500,-0.004618906299533876
2012-08-22,131.570007,131.800003,130.940002,131.470001,110.305168,4496200,-0.0022793333184667475
2012-08-23,131.259995,131.28999299999998,130.199997,130.380005,109.390656,4159600,-0.008325304190718974
2012-08-24,130.21000700000002,131.559998,130.059998,131.380005,110.229675,4202400,0.007640668584645738
2012-08-27,131.419998,131.570007,130.949997,131.059998,109.96118899999999,1806500,-0.0024386673287164484
2012-08-28,130.75,131.300003,130.600006,130.860001,109.793365,3028000,-0.001527377062922497
2012-08-29,130.869995,131.279999,130.630005,130.919998,109.84375,2400400,0.0004588022464586672
2012-08-30,130.380005,130.389999,129.649994,129.919998,109.0047,4120700,-0.007667900879448908
2012-08-31,130.639999,131.399994,130.03999299999998,130.880005,109.81015,5447700,0.007361965038910512
2012-09-04,130.740005,130.800003,129.630005,130.229996,109.264816,4106900,-0.004978525263118705
2012-09-05,130.369995,130.830002,130.03999299999998,130.369995,109.382271,2828800,0.0010743798411372296
2012-09-06,131.16000400000001,132.830002,131.16000400000001,132.820007,111.43784299999999,5559400,0.018618153394600157
2012-09-07,132.889999,133.08999599999999,132.570007,132.940002,111.53848300000001,4827700,0.0009026967897396432
2012-09-10,132.770004,133.16000400000001,132.419998,132.479996,111.152565,2296800,-0.0034659532998437825
2012-09-11,132.600006,133.449997,132.58999599999999,133.08999599999999,111.66435200000001,2824400,0.004593797516897702
2012-09-12,133.46000700000002,133.649994,133.080002,133.369995,111.89930700000001,1953900,0.002101907685299942
2012-09-13,133.270004,135.71000700000002,133.21000700000002,135.389999,113.59411599999999,6975700,0.015032286901742964
2012-09-14,135.619995,136.479996,135.41000400000001,135.860001,113.988441,5186100,0.003465339345904539
2012-09-17,135.570007,135.880005,135.240005,135.529999,113.71156299999998,2606500,-0.0024319554817759936
2012-09-18,135.149994,135.78999299999998,135.149994,135.610001,113.77871699999999,3375400,0.0005903900768906567
2012-09-19,135.850006,136.240005,135.550003,135.729996,113.879372,3080800,0.000884264705909743
2012-09-20,135.199997,135.979996,135.0,135.949997,114.06397199999999,6949700,0.001619701081134295
2012-09-21,136.21000700000002,136.240005,135.399994,135.470001,113.89664499999999,5318100,-0.0014680345425706065
2012-09-24,134.919998,135.729996,134.880005,135.320007,113.770546,2706900,-0.0011077486601465125
2012-09-25,135.529999,135.899994,134.279999,134.33999599999999,112.94657099999999,6292300,-0.007268781808856595
2012-09-26,134.369995,134.509995,133.740005,133.899994,112.57665300000001,5447700,-0.003280534263307544
2012-09-27,134.440002,134.940002,133.850006,134.600006,113.16521499999999,4975500,0.005214480936452048
2012-09-28,133.919998,134.479996,133.360001,134.050003,112.702789,4565400,-0.004094662704825502
2012-10-01,134.619995,135.690002,134.529999,134.779999,113.316544,4854000,0.0054310089358748925
2012-10-02,135.110001,135.380005,133.940002,134.479996,113.06428500000001,6269100,-0.0022286260327231133
2012-10-03,134.75,135.110001,134.100006,134.679993,113.232445,3319800,0.001486190551247546
2012-10-04,135.149994,135.71000700000002,134.96000700000002,135.520004,113.93869,3911800,0.006217755396722424
2012-10-05,136.08999599999999,136.440002,135.479996,135.96000700000002,114.308601,4560300,0.0032413206066213007
2012-10-08,135.399994,135.860001,135.320007,135.649994,114.04801200000001,2405000,-0.002282299686367395
2012-10-09,135.419998,135.740005,134.550003,134.58999599999999,113.15676100000002,6034700,-0.007845394791829996
2012-10-10,134.399994,134.449997,133.070007,133.279999,112.055428,10138700,-0.009780481102153793
2012-10-11,133.91000400000001,134.100006,133.080002,133.130005,111.929321,3669100,-0.0011260321418120611
2012-10-12,133.259995,133.830002,132.75,133.130005,111.929321,3271200,0.0
2012-10-15,133.33999599999999,134.190002,133.059998,134.020004,112.677582,2641800,0.006662874187645329
2012-10-16,134.649994,135.360001,134.570007,135.300003,113.753693,5454400,0.00950503945913006
2012-10-17,134.949997,135.46000700000002,134.850006,135.429993,113.863022,3815400,0.0009606412991916002
2012-10-18,135.259995,135.770004,135.0,135.360001,113.80423,6305000,-0.0005164730613680391
2012-10-19,134.800003,134.800003,132.809998,133.110001,112.06726100000002,10437500,-0.01538045579276126
2012-10-22,132.929993,133.389999,132.03999299999998,133.100006,112.058899,5591900,-7.461868800895388e-05
2012-10-23,131.600006,131.630005,130.529999,130.740005,110.071945,8962100,-0.017890419542723635
2012-10-24,131.0,131.25,130.33999599999999,130.5,109.869881,6097300,-0.001837431838452197
2012-10-25,131.190002,131.350006,130.08999599999999,130.779999,110.105644,6313100,0.002143539289408025
2012-10-26,130.679993,131.229996,130.08999599999999,130.78999299999998,110.11405900000001,4182600,7.64236795296469e-05
2012-10-31,131.350006,131.58999599999999,130.229996,130.600006,109.954094,3939600,-0.001453777168507031
2012-11-01,131.020004,132.440002,130.970001,131.979996,111.115936,3807400,0.010511173288695552
2012-11-02,132.559998,132.610001,130.470001,130.669998,110.01303899999999,5141300,-0.00997522957194974
2012-11-05,130.46000700000002,131.130005,130.110001,130.869995,110.18139599999999,2710700,0.001529167009207022
2012-11-06,131.279999,132.630005,131.199997,132.050003,111.17491899999999,4408300,0.00897674567504847
2012-11-07,131.050003,131.050003,128.649994,129.25,108.817497,18648300,-0.021432668308711378
2012-11-08,129.179993,129.679993,127.989998,127.989998,107.75670600000001,8427500,-0.009796175800548035
2012-11-09,127.360001,128.78999299999998,127.279999,127.91999799999999,107.69778400000001,6571600,-0.000546955428674778
2012-11-12,128.190002,128.53999299999998,127.699997,128.03999299999998,107.798828,3758200,0.0009377781531441087
2012-11-13,127.410004,128.919998,127.33000200000001,127.529999,107.36941499999999,5407200,-0.003991421448724886
2012-11-14,127.82,128.03999299999998,125.459999,125.760002,105.87925,9479400,-0.01397607113884547
2012-11-15,125.57,126.050003,125.010002,125.510002,105.66877,7658000,-0.0019899034692301143
2012-11-16,125.25,125.769997,124.41999799999999,125.599998,106.017342,9350400,0.0032932941301764274
2012-11-19,126.629997,127.68,126.510002,127.629997,107.73085,9551500,0.01603330246656931
2012-11-20,127.309998,127.870003,126.75,127.709999,107.79839299999999,7021800,0.000626764157577675
2012-11-21,127.650002,128.220001,127.540001,128.149994,108.169762,4589400,0.003439112271253819
2012-11-23,128.669998,129.91000400000001,128.66000400000001,129.889999,109.638474,3345800,0.013486489660309076
2012-11-26,129.119995,129.520004,128.78999299999998,129.520004,109.326195,4621000,-0.00285232510929756
2012-11-27,129.179993,129.649994,128.509995,128.679993,108.61714199999999,4910000,-0.006506787602983621
2012-11-28,128.169998,129.75,127.470001,129.639999,109.42748300000001,7397000,0.007432833813172834
2012-11-29,130.229996,130.53999299999998,129.509995,130.139999,109.84951799999999,6112800,0.0038493368588294885
2012-11-30,130.25,130.46000700000002,129.779999,130.100006,109.815735,4979600,-0.00030758620041204665
2012-12-03,130.690002,130.800003,129.490005,129.550003,109.35148600000001,5820800,-0.004236488396730742
2012-12-04,129.610001,130.139999,129.300003,129.389999,109.21648400000001,5760400,-0.0012353321227100977
2012-12-05,129.71000700000002,130.820007,129.16000400000001,130.240005,109.93393700000001,8697300,0.006547608349511513
2012-12-06,130.33999599999999,130.800003,130.08999599999999,130.740005,110.355919,4129400,0.0038311570383511295
2012-12-07,131.300003,131.610001,130.820007,131.559998,111.048157,3993200,0.006253184387393418
2012-12-10,131.58999599999999,132.009995,131.570007,131.740005,111.200043,3480900,0.0013668144322060982
2012-12-11,132.21000700000002,133.119995,132.179993,132.5,111.84153,4012700,0.005752190142382041
2012-12-12,132.979996,133.33999599999999,132.330002,132.509995,111.849976,9551800,7.551471358979711e-05
2012-12-13,132.529999,132.720001,131.550003,131.820007,111.267601,3844500,-0.005220353594799221
2012-12-14,131.699997,132.0,131.259995,131.46000700000002,110.96374499999999,3114300,-0.00273459342997473
2012-12-17,131.649994,132.520004,131.630005,132.440002,111.790894,4534100,0.0074265820494945345
2012-12-18,132.679993,133.729996,132.380005,133.550003,112.72784399999999,6459500,0.008346345142059342
2012-12-19,133.669998,133.699997,132.600006,132.619995,111.942802,5511500,-0.006988409113120042
2012-12-20,132.570007,133.279999,132.270004,133.190002,112.423988,5530500,0.004289286642976897
2012-12-21,131.059998,132.020004,130.830002,131.78999299999998,111.58825700000001,11495800,-0.007461510663224757
2012-12-24,131.28999299999998,131.419998,130.970001,130.970001,110.894005,1997400,-0.006240985210935968
2012-12-26,131.28999299999998,131.479996,130.470001,130.809998,110.758453,3982900,-0.0012231041164332268
2012-12-27,130.940002,131.139999,129.33999599999999,130.600006,110.580704,8308600,-0.0016061237480053947
2012-12-28,129.820007,130.449997,128.970001,129.070007,109.28518700000001,8570000,-0.011784747398082551
2012-12-31,128.66000400000001,130.899994,128.53999299999998,130.580002,110.563721,12067800,0.011631155463460274
