Date,Open_qqq,High_qqq,Low_qqq,Close_qqq,Adj Close_qqq,Volume_qqq,prev_adj_Close_qqq,Target
2011-01-03,54.970001,55.689999,54.950001,55.310001,50.170002000000004,90994300,49.398983,0.01548744142319558
2011-01-04,55.509997999999996,55.549999,54.919998,55.27,50.133709,43851500,50.170002000000004,-0.0007236621900030826
2011-01-05,55.099998,55.759997999999996,55.07,55.740002000000004,50.560024,43787400,50.133709,0.008467608351415024
2011-01-06,55.799999,55.959998999999996,55.68,55.919998,50.723312,46139600,50.560024,0.003224383159547539
2011-01-07,56.02,56.049999,55.32,55.869999,50.677952000000005,72261700,50.723312,-0.0008946634634767747
2011-01-10,55.75,56.18,55.580002,56.080002,50.868443,55551800,50.677952000000005,0.0037518067174464598
2011-01-11,56.310001,56.360001000000004,55.950001,56.16,50.941006,56663800,50.868443,0.0014254671447453404
2011-01-12,56.43,56.560001,56.200001,56.560001,51.303818,51979300,50.941006,0.00709695627829543
2011-01-13,56.599998,56.73,56.41,56.580002,51.321964,47364500,51.303818,0.00035363433701496305
2011-01-14,56.599998,57.02,56.459998999999996,57.0,51.702938,43867400,51.321964,0.007395799057133612
2011-01-18,56.57,57.23,56.490002000000004,57.16,51.848071999999995,65805600,51.702938,0.002803142046297502
2011-01-19,57.259997999999996,57.259997999999996,56.32,56.509997999999996,51.258476,67767200,51.848071999999995,-0.011436760089318376
2011-01-20,56.27,56.349998,55.68,56.110001000000004,50.895645,92357800,51.258476,-0.007103629735115913
2011-01-21,56.389998999999996,56.490002000000004,55.650002,55.68,50.5056,59673300,50.895645,-0.007693138752142836
2011-01-24,55.790001000000004,56.459998999999996,55.68,56.450001,51.204056,64103300,50.5056,0.013734526435361882
2011-01-25,56.169998,56.549999,56.049999,56.529999,51.276615,55305100,51.204056,0.0014160526354212166
2011-01-26,56.610001000000004,56.98,56.450001,56.830002,51.548744,60547700,51.276615,0.005293045178429878
2011-01-27,57.009997999999996,57.349998,56.919998,57.18,51.866211,53656100,51.548744,0.006139692218872561
2011-01-28,57.169998,57.220001,55.470001,55.73,50.550971999999994,123359900,51.866211,-0.025685363922284044
2011-01-31,55.810001,56.16,55.389998999999996,56.0,50.795883,70571300,50.550971999999994,0.004833134224901059
2011-02-01,56.419998,57.18,56.360001000000004,57.049999,51.748298999999996,76952900,50.795883,0.01857625404688168
2011-02-02,56.93,57.169998,56.84,56.959998999999996,51.666664000000004,48661000,51.748298999999996,-0.0015787854018123326
2011-02-03,56.849998,57.139998999999996,56.400002,57.060001,51.757385,45341900,51.666664000000004,0.0017543506398207676
2011-02-04,57.049999,57.419998,56.900002,57.380001,52.047623,47647800,51.757385,0.005591999112845247
2011-02-07,57.490002000000004,57.970001,57.400002,57.650002,52.292545000000004,45627100,52.047623,0.004694691498724257
2011-02-08,57.669998,58.07,57.560001,58.029999,52.637211,38099900,52.292545000000004,0.006569485201019187
2011-02-09,57.939999,58.119999,57.75,57.93,52.546505,62540800,52.637211,-0.0017247160669784378
2011-02-10,57.549999,58.099998,57.490002000000004,58.02,52.628159,70194700,52.546505,0.0015527316808063851
2011-02-11,57.849998,58.48,57.77,58.439999,53.00912099999999,47853500,52.628159,0.0072126743807423566
2011-02-14,58.439999,58.66,58.380001,58.580002,53.136112,48506100,53.00912099999999,0.0023927793458127233
2011-02-15,58.439999,58.57,58.23,58.5,53.063538,39723800,53.136112,-0.0013667467133333666
2011-02-16,58.650002,59.040001000000004,58.630001,58.880001,53.408237,53061700,53.063538,0.006474959289334503
2011-02-17,58.59,58.970001,58.549999,58.860001000000004,53.390099,38361900,53.408237,-0.0003396682168230747
2011-02-18,58.860001000000004,58.970001,58.509997999999996,58.73,53.272181999999994,44334300,53.390099,-0.0022110355588247366
2011-02-22,57.93,58.130001,56.939999,57.029999,51.730156,92598100,53.272181999999994,-0.029373381562276535
2011-02-23,57.029999,57.23,56.130001,56.560001,51.303818,97842900,51.730156,-0.00827572531051013
2011-02-24,56.68,57.029999,56.139998999999996,56.860001000000004,51.575953999999996,98716100,51.303818,0.005290381761629881
2011-02-25,57.18,57.720001,57.119999,57.650002,52.292545000000004,54094600,51.575953999999996,0.013798261769401243
2011-02-28,57.880001,58.049999,57.43,57.77,52.401385999999995,51402800,52.292545000000004,0.002079223469247715
2011-03-01,58.02,58.02,56.700001,56.84,51.557808,91993900,52.401385999999995,-0.016229377768027575
2011-03-02,56.810001,57.509997999999996,56.790001000000004,57.139998999999996,51.829926,61552900,51.557808,0.005264040865203601
2011-03-03,57.669998,58.369999,57.669998,58.27,52.854916,64146600,51.829926,0.019583021509698373
2011-03-04,58.25,58.259997999999996,57.59,57.970001,52.582806000000005,62328400,52.854916,-0.005161541788967217
2011-03-07,58.209998999999996,58.259997999999996,56.669998,57.189999,51.875282,98470000,52.582806000000005,-0.013546769496112887
2011-03-08,57.119999,57.68,56.77,57.419998,52.083908,62399100,51.875282,0.004013618806866681
2011-03-09,57.209998999999996,57.27,56.720001,57.029999,51.730156,84764200,52.083908,-0.006815133818429686
2011-03-10,56.389998999999996,56.52,55.91,56.139998999999996,50.922867,102894400,51.730156,-0.015728823558622818
2011-03-11,55.82,56.66,55.82,56.490002000000004,51.240341,81679400,50.922867,0.006215055852975215
2011-03-14,56.18,56.59,55.860001000000004,56.290001000000004,51.058926,73565800,51.240341,-0.0035467544488918534
2011-03-15,54.639998999999996,55.82,54.470001,55.490002000000004,50.333256,101276500,51.058926,-0.014314365792769124
2011-03-16,55.029999,55.34,53.77,54.150002,49.117805,176507700,50.333256,-0.024444415363461758
2011-03-17,55.009997999999996,55.240002000000004,54.130001,54.650002,49.571327000000004,94434500,49.117805,0.009190985539760721
2011-03-18,55.220001,55.220001,54.41,54.450001,49.459602000000004,94887200,49.571327000000004,-0.002256366743789595
2011-03-21,55.279999,55.779999,54.5,55.5,50.413368,57423000,49.459602000000004,0.019100162848853408
2011-03-22,55.580002,55.610001000000004,55.279999,55.400002,50.322540000000004,36162100,50.413368,-0.0018032899373534583
2011-03-23,55.200001,55.869999,54.82,55.709998999999996,50.604118,60365100,50.322540000000004,0.005579868315377379
2011-03-24,56.130001,56.82,55.82,56.700001,51.503391,69502400,50.604118,0.01761469378104019
2011-03-25,56.880001,57.220001,56.73,56.84,51.630562,74131100,51.503391,0.0024661338143907585
2011-03-28,57.09,57.099998,56.5,56.529999,51.348965,37824000,51.630562,-0.0054690035987481345
2011-03-29,56.400002,57.080002,56.23,57.080002,51.848564,47994800,51.348965,0.009682458639320934
2011-03-30,57.360001000000004,57.43,57.080002,57.349998,52.0938,44935900,51.848564,0.004718700741461301
2011-03-31,57.25,57.48,57.150002,57.43,52.166481,50004300,52.0938,0.0013942224416880755
2011-04-01,57.720001,57.900002,57.290001000000004,57.459998999999996,52.193726,68031800,52.166481,0.0005221338937930753
2011-04-04,57.619999,57.68,57.02,57.27,52.021149,48659100,52.193726,-0.003311948658956787
2011-04-05,57.16,57.490002000000004,57.0,57.119999,51.884892,55349400,52.021149,-0.0026226979065469003
2011-04-06,57.560001,57.73,56.93,57.259997999999996,52.012054,49532100,51.884892,0.002447849881860531
2011-04-07,57.240002000000004,57.599998,56.810001,57.220001,51.975731,60697000,52.012054,-0.0006986013112455502
2011-04-08,57.48,57.57,56.650002,56.950001,51.730484000000004,42782200,51.975731,-0.004729657854627423
2011-04-11,57.169998,57.290001000000004,56.560001,56.759997999999996,51.557884,42451700,51.730484000000004,-0.00334210258132428
2011-04-12,56.5,56.639998999999996,56.150002,56.369999,51.203632,50422800,51.557884,-0.006894670633769362
2011-04-13,56.790001000000004,57.0,56.400002,56.849998,51.63966,49979800,51.203632,0.008479514883873218
2011-04-14,56.459998999999996,56.830002,56.23,56.75,51.548809000000006,53544100,51.63966,-0.001760875500052439
2011-04-15,56.529999,56.869999,56.279999,56.650002,51.457962,68530000,51.548809000000006,-0.0017639039195742612
2011-04-18,56.080002,56.27,55.32,56.25,51.094643,69065000,51.457962,-0.007085544439027647
2011-04-19,56.400002,56.599998,56.099998,56.599998,51.412544,38608400,51.094643,0.00620253132444093
2011-04-20,57.599998,57.939999,57.529999,57.880001,52.575256,67397500,51.412544,0.022363401432159424
2011-04-21,58.439999,58.470001,58.16,58.34,52.993080000000006,43666800,52.575256,0.00791574817856322
2011-04-25,58.389998999999996,58.52,58.279999,58.490002000000004,53.129332999999995,25376800,52.993080000000006,0.0025678472815950926
2011-04-26,58.639998999999996,59.029999,58.509997999999996,58.82,53.429089000000005,49400000,53.129332999999995,0.005626149206579889
2011-04-27,58.93,59.290001000000004,58.66,59.220001,53.792423,56465500,53.429089000000005,0.006777285340056505
2011-04-28,59.040001000000004,59.23,58.880001,59.130001,53.71068199999999,48100000,53.792423,-0.001520719159744388
2011-04-29,59.02,59.290001000000004,58.98,59.080002,53.665253,44831200,53.71068199999999,-0.0008461673038859807
2011-05-02,59.169998,59.34,58.82,58.970001,53.565346,48149400,53.665253,-0.0018634052190411587
2011-05-03,58.939999,59.0,58.330002,58.689999,53.310993,38100000,53.565346,-0.004759771574999405
2011-05-04,58.720001,58.869999,58.110001000000004,58.599998,53.229252,53097200,53.310993,-0.0015344627007150002
2011-05-05,58.310001,58.970001,58.080002,58.279999,52.938582999999994,72200000,53.229252,-0.005475664569368099
2011-05-06,58.860001000000004,59.200001,58.310001,58.470001,53.111168000000006,72507000,52.938582999999994,0.0032547959939939197
2011-05-09,58.57,58.919998,58.34,58.689999,53.310993,40022000,53.111168000000006,0.00375533127608918
2011-05-10,58.860001000000004,59.279999,58.779999,59.189999,53.765179,38053600,53.310993,0.008483469579938507
2011-05-11,59.099998,59.310001,58.360001000000004,58.759997999999996,53.37459200000001,61900000,53.765179,-0.007291199648927993
2011-05-12,58.580002,59.189999,58.240002000000004,59.110001000000004,53.692516000000005,66100000,53.37459200000001,0.005938797458000522
2011-05-13,58.970001,59.07,58.389998999999996,58.41,53.056667000000004,63506600,53.692516000000005,-0.011913093893225923
2011-05-16,58.139998999999996,58.32,57.27,57.400002,52.139233000000004,73115300,53.056667000000004,-0.017442833054178042
2011-05-17,57.099998,57.57,56.98,57.560001,52.284569,63136000,52.139233000000004,0.0027835817324972645
2011-05-18,57.48,58.139998999999996,57.41,58.040001000000004,52.720585,42351100,52.284569,0.008304706756242286
2011-05-19,58.220001,58.34,57.849998,58.209998999999996,52.875,35015800,52.720585,0.0029246508756362033
2011-05-20,58.150002,58.209998999999996,57.689999,57.77,52.475322999999996,44703300,52.875,-0.007587616366635963
2011-05-23,56.98,57.150002,56.650002,56.919998,51.70322,43700000,52.475322999999996,-0.014822959026438376
2011-05-24,57.060001,57.07,56.560001,56.57,51.385307,39314800,51.70322,-0.006167786408000087
2011-05-25,56.5,57.060001,56.470001,56.790001000000004,51.58514,41369000,51.385307,0.0038813709505269856
2011-05-26,56.619999,57.299999,56.610001000000004,57.139998999999996,51.903065000000005,40564100,51.58514,0.006144197788904737
2011-05-27,57.240002000000004,57.490002000000004,57.189999,57.43,52.166481,30127200,51.903065000000005,0.005062317895533575
2011-05-31,57.970001,58.360001000000004,57.669998,58.360001000000004,53.011233999999995,47590100,52.166481,0.016063691155112636
2011-06-01,58.220001,58.360001000000004,57.040001000000004,57.09,51.857651000000004,51795000,53.011233999999995,-0.022001369295845397
2011-06-02,57.200001,57.41,56.889998999999996,57.209998999999996,51.966640000000005,50198100,51.857651000000004,0.002099490186434405
2011-06-03,56.549999,56.990002000000004,56.27,56.349998,51.185463,57773700,51.966640000000005,-0.015146408296378588
2011-06-06,56.220001,56.529999,55.860001000000004,55.889998999999996,50.767628,50175600,51.185463,-0.008196658586024697
2011-06-07,56.040001000000004,56.259997999999996,55.75,55.790001000000004,50.676784999999995,46311100,50.767628,-0.0017909911762754582
2011-06-08,55.669998,55.77,55.23,55.389998999999996,50.313441999999995,46426400,50.676784999999995,-0.007195638202480481
2011-06-09,55.41,55.759997999999996,55.23,55.490002000000004,50.404278000000005,45307500,50.313441999999995,0.0018037744426444569
2011-06-10,55.23,55.34,54.59,54.639998999999996,49.632202,53740600,50.404278000000005,-0.015436195486806081
2011-06-13,54.669998,54.93,54.450001,54.639998999999996,49.632202,37736800,49.632202,0.0
2011-06-14,55.060001,55.470001,55.029999,55.34,50.268046999999996,40565300,49.632202,0.012729769800208679
2011-06-15,54.810001,55.150002,54.18,54.290001000000004,49.314278,59022400,50.268046999999996,-0.019155973018029737
2011-06-16,54.32,54.5,53.619999,54.080002,49.123508,66316200,49.314278,-0.0038759554959630904
2011-06-17,54.400002,54.599998,53.630001,53.790001000000004,48.969662,70337000,49.123508,-0.003136734721535195
2011-06-20,53.639998999999996,54.23,53.639998999999996,54.07,49.224567,37402900,48.969662,0.005191864637785315
2011-06-21,54.259997999999996,55.290001000000004,54.029999,55.23,50.280609000000005,55892800,49.224567,0.02122666767735293
2011-06-22,55.0,55.32,54.82,54.830002,49.916462,36833300,50.280609000000005,-0.007268647668434269
2011-06-23,54.240002000000004,55.369999,54.060001,55.34,50.380764,80743300,49.916462,0.009258587405297725
2011-06-24,55.080002,55.130001,54.27,54.380001,49.506778999999995,56298300,50.380764,-0.01749982586452825
2011-06-27,54.439999,55.529999,54.32,55.25,50.29882,49968900,49.506778999999995,0.015872007893120266
2011-06-28,55.369999,56.080002,55.290001000000004,56.07,51.045341,47028800,50.29882,0.014732659392733716
2011-06-29,56.200001,56.41,55.900002,56.299999,51.254715000000004,65407300,51.045341,0.004093336808055348
2011-06-30,56.5,57.09,56.470001,57.049999,51.937523,50347200,51.254715000000004,0.013233901668743275
2011-07-01,57.080002,57.990002000000004,56.919998,57.91,52.720451000000004,53203900,51.937523,0.014961929330365109
2011-07-05,57.970001,58.259997999999996,57.830002,58.200001,52.984463,43128800,52.720451000000004,0.004995274845702724
2011-07-06,58.130001,58.490002000000004,57.939999,58.389998999999996,53.157429,49282700,52.984463,0.003259149612756307
2011-07-07,58.830002,59.360001000000004,58.740002000000004,59.189999,53.88575,54799800,53.157429,0.013608195237791776
2011-07-08,58.68,59.040001000000004,58.369999,59.029999,53.740081999999994,69519500,53.88575,-0.00270693543067857
2011-07-11,58.41,58.709998999999996,57.759997999999996,57.959998999999996,52.76596800000001,52080800,53.740081999999994,-0.01829269160250835
2011-07-12,57.950001,58.07,57.459998999999996,57.52,52.365402,84000700,52.76596800000001,-0.007620331369893041
2011-07-13,57.939999,58.34,57.549999,57.759997999999996,52.583884999999995,82378100,52.365402,0.004163597902799854
2011-07-14,57.91,58.18,56.869999,57.09,51.973938000000004,98774200,52.583884999999995,-0.011667303346967195
2011-07-15,57.73,57.849998,57.310001,57.849998,52.66584,68281500,51.973938000000004,0.0132246473982498
2011-07-18,57.529999,57.790001000000004,56.98,57.540001000000004,52.383595,59512200,52.66584,-0.005373578242658716
2011-07-19,58.09,58.900002,58.09,58.849998,53.576195,73904600,52.383595,0.02251137650005841
2011-07-20,59.18,59.189999,58.5,58.599998,53.348618,57085500,53.576195,-0.004256773283174642
2011-07-21,58.66,59.32,58.34,58.990002000000004,53.703674,70148800,53.348618,0.006633343299325745
2011-07-22,58.959998999999996,59.700001,58.919998,59.599998,54.259003,43620400,53.703674,0.010287516262101892
2011-07-25,59.130001,59.810001,59.02,59.48,54.149754,48916100,54.259003,-0.0020155020683993996
2011-07-26,59.439999,59.830002,59.32,59.630001,54.28631600000001,40918900,54.149754,0.0025187573138230057
2011-07-27,59.240002000000004,59.290001000000004,57.939999,58.09,52.884327,83969500,54.28631600000001,-0.026165168840802888
2011-07-28,58.119999,58.93,57.889998999999996,58.189999,52.975349,61031900,52.884327,0.001719673172463132
2011-07-29,57.720001,58.610001000000004,57.439999,58.0,52.802383,82860500,52.975349,-0.003270369876346102
2011-08-01,58.700001,58.82,57.029999,57.73,52.556587,85421100,52.802383,-0.004665885513587487
2011-08-02,57.459998999999996,57.720001,56.209998999999996,56.27,51.227416999999996,90853300,52.556587,-0.025615559751916983
2011-08-03,56.34,56.880001,55.349998,56.810001,51.719032,103612300,51.227416999999996,0.009550960560522181
2011-08-04,56.0,56.09,54.169998,54.169998,49.315613,132830000,51.719032,-0.04758511294080359
2011-08-05,54.720001,55.029999,52.32,53.830002,49.006069000000004,214111800,49.315613,-0.006296577039922369
2011-08-08,52.18,53.119999,50.59,50.59,46.056427,204804500,49.006069000000004,-0.06207682893142197
2011-08-09,51.349998,53.080002,49.93,53.029999,48.277763,193707100,46.056427,0.04710374261781691
2011-08-10,51.830002,53.040001000000004,50.799999,50.860001000000004,46.302219,205917900,48.277763,-0.041781174760594286
2011-08-11,51.59,53.689999,51.34,53.099998,48.341499,143825300,46.302219,0.04310049780085867
2011-08-12,53.43,53.900002,52.880001,53.57,48.769379,90483300,48.341499,0.008812252092766037
2011-08-15,53.790001000000004,54.360001000000004,53.529999,54.360001000000004,49.488583,73554300,48.769379,0.014639360103764876
2011-08-16,53.830002,54.349998,53.18,53.900002,49.069798,89219200,49.488583,-0.008498262981840643
2011-08-17,53.970001,54.419998,53.02,53.580002,48.778488,84416600,49.069798,-0.005954337527755094
2011-08-18,52.130001,52.139998999999996,50.48,50.950001,46.384163,130019400,48.778488,-0.05033130968148258
2011-08-19,50.419998,51.669998,49.990002000000004,50.029999,45.546608,96674600,46.384163,-0.01822193300081887
2011-08-22,51.23,51.240002000000004,50.060001,50.209998999999996,45.710487,77107700,45.546608,0.003591593095607859
2011-08-23,50.549999,52.279999,50.34,52.279999,47.594975,75688400,45.710487,0.0403994420271494
2011-08-24,52.130001,52.790001000000004,51.709998999999996,52.689999,47.968239000000004,80197700,47.594975,0.00781191595822861
2011-08-25,52.66,52.900002,51.650002,51.830002,47.185307,93623700,47.968239000000004,-0.0164565526389997
2011-08-26,51.66,53.310001,51.150002,53.130001,48.368805,91573300,47.185307,0.024772529376701602
2011-08-29,53.66,54.669998,53.639998999999996,54.610001000000004,49.716183,45985800,48.368805,0.027475412650243225
2011-08-30,54.41,55.299999,54.110001000000004,54.970001,50.043919,61617900,49.716183,0.006570506094145223
2011-08-31,55.299999,55.740002000000004,54.599998,55.060001,50.125842999999996,60900400,50.043919,0.001635703562234525
2011-09-01,55.200001,55.639998999999996,54.459998999999996,54.560001,49.670662,57158400,50.125842999999996,-0.009122246445416149
2011-09-02,53.580002,54.610001000000004,52.990002000000004,53.279999,48.505379,58185700,49.670662,-0.023739757984827303
2011-09-06,52.040001000000004,53.369999,51.91,53.290001000000004,48.514462,52992200,48.505379,0.00018724005178594183
2011-09-07,54.049999,54.650002,53.900002,54.639998999999996,49.7435,48952200,48.514462,0.02501786274042095
2011-09-08,54.360001000000004,55.169998,54.209998999999996,54.389998999999996,49.515896000000005,61422800,49.7435,-0.0045860524662364455
2011-09-09,54.009997999999996,54.240002000000004,52.849998,53.18,48.414322,63663500,49.515896000000005,-0.022498070295116968
2011-09-12,52.59,53.900002,52.57,53.860001000000004,49.033394,65973000,48.414322,0.012705897151050749
2011-09-13,54.060001,54.689999,53.799999,54.580002,49.688866,59020000,49.033394,0.013279307668470963
2011-09-14,54.860001000000004,55.98,54.32,55.360001000000004,50.398964,90757300,49.688866,0.014189735449942287
2011-09-15,55.959998999999996,56.279999,55.389998999999996,56.18,51.145477,83536100,50.398964,0.014703442979851378
2011-09-16,56.200001,56.650002,56.09,56.59,51.614288,91902100,51.145477,0.009124471092457842
2011-09-19,55.889998999999996,56.91,55.43,56.610001000000004,51.632529999999996,73042900,51.614288,0.00035336682608111403
2011-09-20,56.900002,57.349998,56.23,56.360001000000004,51.404507,66570100,51.632529999999996,-0.004426046766956571
2011-09-21,56.650002,56.93,55.369999,55.380001,50.510681,79938000,51.404507,-0.017541034574142245
2011-09-22,53.970001,54.459998999999996,52.75,53.580002,48.86895,151885500,50.510681,-0.03304259339051718
2011-09-23,53.130001,54.380001,53.09,54.150002,49.388836,85940600,48.86895,0.010582181273751434
2011-09-26,54.419998,54.880001,53.209998999999996,54.779999,49.963436,96261400,49.388836,0.01156705116147494
2011-09-27,55.709998999999996,56.200001,54.98,55.349998,50.483318,81148600,49.963436,0.010351487161986306
2011-09-28,55.59,55.970001,54.400002,54.529999,49.735413,76757100,50.483318,-0.014925730493327016
2011-09-29,55.360001000000004,55.43,52.970001,53.880001,49.142573999999996,116900200,49.735413,-0.011991467907579434
2011-09-30,53.16,53.610001000000004,52.459998999999996,52.490002000000004,47.874794,104870100,49.142573999999996,-0.02613660205408941
2011-10-03,52.02,52.849998,51.110001000000004,51.139998999999996,46.643494,99149500,47.874794,-0.026055691146477766
2011-10-04,50.619999,52.290001000000004,50.099998,52.189999,47.601166,137013700,46.643494,0.02032380326266381
2011-10-05,52.060001,53.68,51.66,53.529999,48.823326,108825700,47.601166,0.02535093372501196
2011-10-06,53.459998999999996,54.439999,53.209998999999996,54.43,49.644215,71939200,48.823326,0.016673677632757844
2011-10-07,54.400002,54.66,53.720001,54.07,49.315865,72525200,49.644215,-0.006636033539179298
2011-10-10,54.990002000000004,55.939999,54.889998999999996,55.939999,51.021439,48230200,49.315865,0.034000082387292796
2011-10-11,55.790001000000004,56.459998999999996,55.700001,56.32,51.368027000000005,66449100,51.021439,0.006770019169112018
2011-10-12,56.860001000000004,57.23,56.560001,56.599998,51.623402,85627600,51.368027000000005,0.004959160696282883
2011-10-13,56.490002000000004,57.189999,56.43,57.119999,52.097691,63443700,51.623402,0.009145532352225594
2011-10-14,57.82,58.189999,57.509997999999996,58.18,53.064487,65643600,52.097691,0.01838728061882522
2011-10-17,57.91,58.09,56.970001,57.279999,52.243618,65161300,53.064487,-0.015590169933884734
2011-10-18,57.189999,58.290001000000004,56.66,57.990002000000004,52.891197,91434600,52.243618,0.012319176855152492
2011-10-19,57.669998,57.849998,56.68,56.869999,51.869682,67639400,52.891197,-0.019502459066151
2011-10-20,56.860001000000004,56.919998,55.790001000000004,56.59,51.614288,80378300,51.869682,-0.00493592425031375
2011-10-21,57.189999,57.66,56.779999,57.299999,52.261864,60455800,51.614288,0.012468393888349194
2011-10-24,57.509997999999996,58.650002,57.310001,58.490002000000004,53.347225,61449500,52.261864,0.020555034128464378
2011-10-25,58.299999,58.32,57.220001,57.34,52.298355,65299200,53.347225,-0.01985704397828103
2011-10-26,57.66,57.779999,56.209998999999996,57.27,52.234497,98193800,52.298355,-0.001221778736959056
2011-10-27,58.639998999999996,59.200001,58.029999,58.849998,53.67555600000001,104455500,52.234497,0.027214563666775327
2011-10-28,58.52,59.009997999999996,58.5,58.939999,53.757664,42950000,53.67555600000001,0.0015285405387026607
2011-10-31,58.43,58.639998999999996,57.91,57.950001,52.854713000000004,60520200,53.757664,-0.01693935763383836
2011-11-01,56.52,57.91,56.119999,56.439999,51.477474,99933000,52.854713000000004,-0.0264025713310172
2011-11-02,57.029999,57.16,56.380001,56.919998,51.915264,65003800,51.477474,0.008468537052964464
2011-11-03,57.369999,58.18,56.709998999999996,58.099998,52.991519999999994,78994200,51.915264,0.0205190497727874
2011-11-04,57.82,58.049999,57.220001,57.799999,52.717903,61527800,52.991519999999994,-0.0051767875236214955
2011-11-07,57.759997999999996,58.25,57.169998,58.209998999999996,53.09185,65559000,52.717903,0.00706831924841822
2011-11-08,58.630001,58.98,57.970001,58.880001,53.70295,62906900,53.09185,0.011444502353495256
2011-11-09,57.740002000000004,57.830002,56.630001,56.810001,51.814949,69539000,53.70295,-0.03578923646431553
2011-11-10,57.369999,57.419998,56.23,56.779999,51.787582,66052400,51.814949,-0.0005283075687896321
2011-11-11,57.27,58.02,57.200001,57.849998,52.763515000000005,54471000,51.787582,0.018669557275238002
2011-11-14,57.689999,58.009997999999996,57.279999,57.490002000000004,52.435157999999994,44617600,52.763515000000005,-0.006242627534846612
2011-11-15,57.32,58.360001000000004,57.259997999999996,58.130001,53.018887,52203900,52.435157999999994,0.011070888025747294
2011-11-16,57.709998999999996,58.16,57.060001,57.169998,52.143291,68342800,53.018887,-0.016652683521573675
2011-11-17,57.02,57.040001000000004,55.48,55.830002,50.921116,101706900,52.143291,-0.023717834859341203
2011-11-18,55.84,55.900002,55.299999,55.400002,50.528923,60417000,50.921116,-0.007731785175346673
2011-11-21,54.650002,54.73,53.779999,54.34,49.562121999999995,52283700,50.528923,-0.01931903237375865
2011-11-22,54.200001,54.68,53.869999,54.52,49.726299,51940100,49.562121999999995,0.0033070754469983754
2011-11-23,54.110001000000004,54.169998,53.259997999999996,53.290001000000004,48.604442999999996,48437300,49.726299,-0.022819001598056055
2011-11-25,53.060001,53.669998,52.869999,52.880001,48.230488,25448100,48.604442999999996,-0.00772359426760838
2011-11-28,54.169998,54.790001000000004,54.139998999999996,54.720001,49.90871,46710700,48.230488,0.03420418441035267
2011-11-29,54.689999,55.099998,54.220001,54.380001,49.598591,52056700,49.90871,-0.006233110554424659
2011-11-30,55.860001000000004,56.439999,55.669998,56.389998999999996,51.43187,66918600,49.598591,0.03629559315759723
2011-12-01,56.380001,56.93,56.349998,56.779999,51.787582,45362200,51.43187,0.0068923715690223375
2011-12-02,57.34,57.34,56.57,56.619999,51.641655,36938900,51.787582,-0.002821776531672704
2011-12-05,57.470001,57.619999,56.919998,57.240002000000004,52.20713,40492200,51.641655,0.010890461335067325
2011-12-06,57.290001000000004,57.450001,56.889998999999996,57.080002,52.061207,38670000,52.20713,-0.0027989915148967093
2011-12-07,56.919998,57.34,56.349998,57.080002,52.061207,44576200,52.061207,0.0
2011-12-08,56.709998999999996,57.150002,56.009997999999996,56.119999,51.185608,51692600,52.061207,-0.01696168530323172
2011-12-09,56.259997999999996,57.189999,56.240002000000004,57.02,52.006485,55757900,51.185608,0.015910023562842213
2011-12-12,56.419998,57.009997999999996,55.900002,56.380001,51.422748999999996,55411700,52.006485,-0.011287760247273848
2011-12-13,56.75,56.98,55.529999,55.759997999999996,50.857273,68557700,51.422748999999996,-0.011057521314570273
2011-12-14,55.549999,55.59,54.580002,54.889998999999996,50.063759000000005,63682800,50.857273,-0.01572576770555445
2011-12-15,55.360001000000004,55.419998,54.66,54.740002000000004,49.926952,58732900,50.063759000000005,-0.002736395891134169
2011-12-16,54.869999,55.610001000000004,54.77,54.860001000000004,50.18401,60978900,49.926952,0.005135472875602343
2011-12-19,55.07,55.200001,54.169998,54.32,49.690022,46733900,50.18401,-0.009892301701970752
2011-12-20,55.200001,56.0,55.169998,55.93,51.162796,81758800,49.690022,0.029208478930053072
2011-12-21,55.599998,55.639998999999996,54.490002000000004,55.130001,50.430991999999996,78552300,51.162796,-0.01440672056318304
2011-12-22,55.25,55.630001,55.169998,55.599998,50.86092,40334100,50.430991999999996,0.008488941975763442
2011-12-23,55.709998999999996,56.080002,55.580002,56.080002,51.300022,26594600,50.86092,0.008596332324750655
2011-12-27,55.990002000000004,56.419998,55.93,56.240002000000004,51.491375,21443500,51.300022,0.0037231368893748673
2011-12-28,56.169998,56.259997999999996,55.439999,55.59,50.896244,38180100,51.491375,-0.011625188830703514
2011-12-29,55.68,56.029999,55.5,55.990002000000004,51.262478,28077900,50.896244,0.00716993246926112
2011-12-30,55.869999,56.119999,55.82,55.830002,51.115982,21832400,51.262478,-0.0028618539483020733
2012-01-03,56.91,57.189999,56.75,56.900002,52.095646,39514100,51.115982,0.018984167603403268
2012-01-04,56.810001,57.220001,56.560001,57.139998999999996,52.31538,29403400,52.095646,0.004209025288164359
2012-01-05,57.02,57.66,56.799999,57.610001000000004,52.745693,41260600,52.31538,0.008191719235859374
2012-01-06,57.619999,57.939999,57.400002,57.810001,52.92881,46325200,52.745693,0.003465683359480387
2012-01-09,57.959998999999996,57.98,57.43,57.619999,52.754841000000006,39195500,52.92881,-0.0032922624358868724
2012-01-10,58.23,58.400002,57.639998999999996,58.040001000000004,53.139385,35949900,52.754841000000006,0.007262826404651701
2012-01-11,58.029999,58.290001000000004,57.810001,58.16,53.249256,37144100,53.139385,0.002065465599105032
2012-01-12,58.290001000000004,58.470001,57.860001000000004,58.389998999999996,53.45983100000001,26188300,53.249256,0.003946716802784245
2012-01-13,58.080002,58.200001,57.68,58.18,53.26756700000001,35980400,53.45983100000001,-0.0036029025645323287
2012-01-17,58.689999,58.959998999999996,58.490002000000004,58.709998999999996,53.752811,41790800,53.26756700000001,0.009068316415521416
2012-01-18,58.82,59.490002000000004,58.68,59.490002000000004,54.46694599999999,48692700,53.752811,0.013198058948898694
2012-01-19,59.759997999999996,59.970001,59.650002,59.860001000000004,54.80570600000001,47774500,54.46694599999999,0.006200290357410321
2012-01-20,59.599998,59.799999,59.560001,59.77,54.723319999999994,41041700,54.80570600000001,-0.001504368632612163
2012-01-23,59.779999,60.209998999999996,59.439999,59.790001000000004,54.74161899999999,40958300,54.723319999999994,0.0003343353650517855
2012-01-24,59.52,59.84,59.41,59.68,54.640910999999996,38440200,54.74161899999999,-0.0018413914627144479
2012-01-25,60.259997999999996,60.580002,59.830002,60.43,55.327583,61591800,54.640910999999996,0.012488684710704412
2012-01-26,60.689999,60.799999,59.93,60.220001,55.135323,37852700,55.327583,-0.00348099106027977
2012-01-27,60.09,60.509997999999996,60.060001,60.400002,55.300129000000005,45532300,55.135323,0.0029846597149552068
2012-01-30,59.889998999999996,60.540001000000004,59.66,60.450001,55.345890000000004,42797800,55.300129000000005,0.000827160398949367
2012-01-31,60.75,60.860001000000004,60.139998999999996,60.529999,55.419132,51449600,55.345890000000004,0.0013224754412934914
2012-02-01,60.880001,61.240002000000004,60.66,61.02,55.867771,46146700,55.419132,0.00806278939123306
2012-02-02,61.220001,61.41,60.970001,61.209998999999996,56.041720999999995,46373600,55.867771,0.0031087647166474497
2012-02-03,61.779999,62.119999,61.68,62.049999,56.810787,36453800,56.041720999999995,0.013629788463688008
2012-02-06,61.82,62.02,61.66,62.0,56.765021999999995,28541300,56.810787,-0.0008058934887600344
2012-02-07,61.950001,62.25,61.669998,62.130001,56.884041,37935700,56.765021999999995,0.0020945010960753407
2012-02-08,62.139998999999996,62.459998999999996,61.91,62.459998999999996,57.186192000000005,41171100,56.884041,0.005297643367765836
2012-02-09,62.700001,62.98,62.32,62.91,57.598186,46856400,57.186192000000005,0.007178603507351333
2012-02-10,62.459998999999996,62.639998999999996,62.25,62.470001,57.19534300000001,58090500,57.598186,-0.0070185951630064025
2012-02-13,62.939999,63.130001,62.650002,63.049999,57.726353,36810200,57.19534300000001,0.009241314696569525
2012-02-14,62.91,63.220001,62.689999,63.209998999999996,57.872859999999996,51648200,57.726353,0.0025347417969232566
2012-02-15,63.509997999999996,63.860001000000004,62.669998,62.77,57.47002,105709100,57.872859999999996,-0.00698511495361398
2012-02-16,62.790001000000004,63.700001,62.630001,63.630001,58.257397,83642300,57.47002,0.013607650980845598
2012-02-17,63.639998999999996,63.689999,63.150002,63.43,58.074276,76112300,58.257397,-0.00314825956729603
2012-02-21,63.5,63.889998999999996,63.209998999999996,63.610001000000004,58.239086,38141300,58.074276,0.0028338981431694776
2012-02-22,63.490002000000004,63.68,63.23,63.32,57.973564,43174700,58.239086,-0.004569596546244448
2012-02-23,63.400002,63.810001,63.09,63.740002000000004,58.358101,54250000,57.973564,0.006611070176891332
2012-02-24,63.919998,64.07,63.799999,63.959998999999996,58.559536,41364900,58.358101,0.003445762409786113
2012-02-27,63.610001000000004,64.260002,63.330002,64.050003,58.641941,42678500,58.559536,0.0014062111790478227
2012-02-28,64.110001,64.699997,64.029999,64.699997,59.237049,43717500,58.641941,0.010097016540726145
2012-02-29,64.75,64.959999,64.199997,64.410004,58.97154200000001,59784400,59.237049,-0.004492185284369121
2012-03-01,64.650002,64.980003,64.459999,64.91999799999999,59.438477,67558900,58.97154200000001,0.007886789044992959
2012-03-02,64.83000200000001,65.08000200000001,64.660004,64.870003,59.39269300000001,33358200,59.438477,-0.0007705722709863139
2012-03-05,64.83000200000001,64.910004,63.990002000000004,64.199997,58.779255000000006,45788800,59.39269300000001,-0.010382218802399201
2012-03-06,63.57,63.720001,63.23,63.57,58.202465000000004,54638600,58.779255000000006,-0.009861278739030865
2012-03-07,63.869999,64.209999,63.77,64.059998,58.651077,42741800,58.202465000000004,0.007678230309860368
2012-03-08,64.440002,64.940002,64.300003,64.75,59.28280600000001,43711100,58.651077,0.01071337644820236
2012-03-09,64.860001,65.139999,64.82,65.019997,59.530025,43117200,59.28280600000001,0.004161492571093106
2012-03-12,65.0,65.110001,64.720001,65.050003,59.557503000000004,32687300,59.530025,0.00046147570529253557
2012-03-13,65.400002,66.260002,65.269997,66.260002,60.665333,61559100,59.557503000000004,0.018430131823733653
2012-03-14,66.33000200000001,66.739998,66.08000200000001,66.489998,60.875923,59926900,60.665333,0.003465328854907135
2012-03-15,66.690002,66.82,66.349998,66.68,61.049873,65531200,60.875923,0.0028533767870015936
2012-03-16,66.66999799999999,66.66999799999999,66.360001,66.519997,61.006775,53023100,61.049873,-0.0007061967127119928
2012-03-19,66.629997,67.150002,66.449997,66.989998,61.437813,60966200,61.006775,0.0070405689229922075
2012-03-20,66.639999,67.18,66.459999,67.110001,61.547870999999994,47290600,61.437813,0.0017897697650539612
2012-03-21,67.120003,67.489998,67.029999,67.120003,61.557041000000005,39648100,61.547870999999994,0.00014897862104756854
2012-03-22,66.720001,67.139999,66.68,66.980003,61.428635,56953900,61.557041000000005,-0.002088146373370847
2012-03-23,67.059998,67.08000200000001,66.559998,66.940002,61.39195600000001,45541700,61.428635,-0.000597277716900102
2012-03-26,67.389999,68.110001,67.33000200000001,68.110001,62.464989,40855300,61.39195600000001,0.017327406986581195
2012-03-27,68.160004,68.489998,68.129997,68.209999,62.556679,37278200,62.464989,0.0014667860044701442
2012-03-28,68.25,68.510002,67.540001,67.940002,62.309074,44421900,62.556679,-0.003965944521910458
2012-03-29,67.599998,67.93,67.199997,67.68,62.070614,53975300,62.309074,-0.003834392833731215
2012-03-30,67.980003,68.019997,67.279999,67.550003,61.951397,39480900,62.070614,-0.0019225141691894265
2012-04-02,67.480003,68.339996,67.360001,68.25,62.593365000000006,40031600,61.951397,0.010309123808535325
2012-04-03,68.309998,68.550003,67.849998,68.230003,62.575035,45539900,62.593365000000006,-0.0002928854268491321
2012-04-04,67.720001,67.760002,66.910004,67.300003,61.722122,54088100,62.575035,-0.013723988666716203
2012-04-05,67.18,67.779999,67.129997,67.720001,62.107296,42979900,61.722122,0.006221061981202425
2012-04-09,66.879997,67.480003,66.760002,67.209999,61.639576,36908200,62.107296,-0.00755933818294352
2012-04-10,67.18,67.440002,65.91999799999999,66.129997,60.649086,69254200,61.639576,-0.016199566575721747
2012-04-11,66.709999,66.889999,66.279999,66.449997,60.942551,62950000,60.649086,0.004827068325848671
2012-04-12,66.58000200000001,67.279999,66.480003,67.209999,61.639576,57407400,60.942551,0.011372498249873075
2012-04-13,66.980003,67.199997,66.160004,66.190002,60.704131999999994,55227500,61.639576,-0.01529236354175989
2012-04-16,66.519997,66.559998,65.239998,65.449997,60.02544,57588000,60.704131999999994,-0.011243295876768755
2012-04-17,65.730003,66.989998,65.629997,66.779999,61.245208999999996,47362400,60.02544,0.020117153597796644
2012-04-18,66.589996,67.0,66.410004,66.610001,61.089302,42536100,61.245208999999996,-0.0025488651261609263
2012-04-19,66.370003,67.16999799999999,65.620003,65.860001,60.401478000000004,81110900,61.089302,-0.011323185991082063
2012-04-20,66.220001,66.510002,65.58000200000001,65.68,60.236397,59906900,60.401478000000004,-0.002736803894123341
2012-04-23,65.059998,65.18,64.489998,65.08000200000001,59.686108,70514400,60.236397,-0.00917747444290029
2012-04-24,64.959999,65.230003,64.449997,64.730003,59.365128000000006,49661500,59.686108,-0.005392313234985124
2012-04-25,66.07,66.489998,65.970001,66.449997,60.942551,57526900,59.365128000000006,0.02622465026011067
2012-04-26,66.440002,66.989998,66.349998,66.839996,61.30024,41799500,60.942551,0.005852124577633511
2012-04-27,67.120003,67.449997,66.769997,67.239998,61.66706800000001,46003800,61.30024,0.0059662863913558795
2012-04-30,67.040001,67.16999799999999,66.709999,66.760002,61.226870999999996,37787700,61.66706800000001,-0.007163882713839165
2012-05-01,66.690002,67.629997,66.589996,66.870003,61.327732,37643800,61.226870999999996,0.0016459769001313518
2012-05-02,66.540001,67.110001,66.379997,67.059998,61.50200699999999,38299300,61.327732,0.002837669742893567
2012-05-03,67.099998,67.150002,66.18,66.349998,60.85084499999999,51297600,61.50200699999999,-0.010644102482804563
2012-05-04,65.739998,66.349998,64.690002,64.699997,59.337607999999996,107554000,60.85084499999999,-0.025182401970844204
2012-05-07,64.309998,65.07,64.290001,64.760002,59.392639,50267800,59.337607999999996,0.0009269921579591056
2012-05-08,64.349998,64.739998,63.48,64.519997,59.172523,72659700,59.392639,-0.003713000499816488
2012-05-09,63.77,64.68,63.509997999999996,64.32,58.989101,85715300,59.172523,-0.003104597603134529
2012-05-10,64.610001,64.629997,63.950001,64.190002,58.869873,49448900,58.989101,-0.002023232285584875
2012-05-11,63.970001,64.860001,63.91,64.18,58.860699,47099900,58.869873,-0.00015584737018947692
2012-05-14,63.630001,64.08000200000001,63.48,63.580002,58.310435999999996,46360000,58.860699,-0.009392535889181985
2012-05-15,63.75,64.269997,63.259997999999996,63.369999,58.11784,66908600,58.310435999999996,-0.0033084089585369014
2012-05-16,63.59,63.779999,62.810001,62.939999,57.723476,52825900,58.11784,-0.006808719671563601
2012-05-17,62.959998999999996,63.060001,61.599998,61.610001000000004,56.503704000000006,62253900,57.723476,-0.021357760326915276
2012-05-18,61.799999,61.959998999999996,60.759997999999996,60.810001,55.770012,79496500,56.503704000000006,-0.013069887954833881
2012-05-21,60.93,62.57,60.849998,62.509997999999996,57.329102,61473000,55.770012,0.027572077525351624
2012-05-22,62.689999,62.950001,61.990002000000004,62.439999,57.264915,62954800,57.329102,-0.0011202505749094982
2012-05-23,61.91,62.709998999999996,61.369999,62.560001,57.37495799999999,56951100,57.264915,0.0019198038329699685
2012-05-24,62.650002,62.709998999999996,61.689999,62.150002,56.998936,83131200,57.37495799999999,-0.006575335360637702
2012-05-25,62.209998999999996,62.32,61.889998999999996,62.07,56.925568000000005,32078900,56.998936,-0.001288011052354321
2012-05-29,62.650002,63.150002,62.279999,62.860001000000004,57.650101,44216700,56.925568000000005,0.012647408723659659
2012-05-30,62.290001000000004,62.549999,61.68,62.330002,57.164035999999996,56431800,57.650101,-0.008467039278628796
2012-05-31,62.25,62.41,61.59,62.060001,56.916419999999995,55260100,57.164035999999996,-0.0043410834343138305
2012-06-01,60.939999,61.32,60.389998999999996,60.41,55.403156,71430800,56.916419999999995,-0.026947316312345926
2012-06-04,60.580002,60.959998999999996,60.040001000000004,60.869999,55.825031,74119500,55.403156,0.007585793393153573
2012-06-05,60.66,61.240002000000004,60.630001,61.119999,56.054325,47916900,55.825031,0.00409895675550942
2012-06-06,61.580002,62.57,61.52,62.52,57.338299,58781800,56.054325,0.022647485071650486
2012-06-07,63.18,63.18,62.220001,62.27,57.109016000000004,38414800,57.338299,-0.00400679223885092
2012-06-08,62.169998,62.950001,61.959998999999996,62.869999,57.659275,39730800,57.109016000000004,0.009589115802124404
2012-06-11,63.349998,63.380001,61.77,61.810001,56.687141000000004,51008900,57.659275,-0.0170037235337821
2012-06-12,62.099998,62.59,61.68,62.560001,57.37495799999999,48802600,56.687141000000004,0.012060541464816055
2012-06-13,62.380001,62.849998,61.919998,62.130001,56.980602000000005,50840100,57.37495799999999,-0.006897042229780048
2012-06-14,62.119999,62.610001000000004,61.799999,62.360001000000004,57.191563,65170600,56.980602000000005,0.00369549338204056
2012-06-15,62.389998999999996,63.080002,62.360001000000004,62.990002000000004,57.902103000000004,41536100,57.191563,0.012347317656314694
2012-06-18,62.73,63.740002000000004,62.630001,63.580002,58.444454,32191200,57.902103000000004,0.009323093736703925
2012-06-19,63.900002,64.510002,63.849998,64.239998,59.051136,36476500,58.444454,0.01032698149270228
2012-06-20,64.379997,64.57,63.810001,64.290001,59.097099,51389700,59.051136,0.0007780565205859347
2012-06-21,64.239998,64.309998,62.619999,62.689999,57.626343000000006,42492700,59.097099,-0.025202030010795795
2012-06-22,62.900002,63.43,62.73,63.349998,58.233031999999994,29504200,57.626343000000006,0.010472946971441743
2012-06-25,62.830002,62.849998,61.950001,62.130001,57.111565,33136400,58.233031999999994,-0.019446118315328498
2012-06-26,62.34,62.700001,62.060001,62.52,57.47008100000001,30611100,57.111565,0.0062578463914828575
2012-06-27,62.759997999999996,63.18,62.689999,62.900002,57.819373999999996,35705800,57.47008100000001,0.006059427876363266
2012-06-28,62.43,62.470001,61.540001000000004,62.200001,57.17591899999999,49793400,57.819373999999996,-0.01119109658768025
2012-06-29,63.400002,64.160004,63.209998999999996,64.160004,58.97760400000001,44761300,57.17591899999999,0.03102496538328925
2012-07-02,64.25,64.379997,63.869999,64.349998,59.152267,33425600,58.97760400000001,0.0029571373574208693
2012-07-03,64.389999,64.889999,64.290001,64.889999,59.648647,15895100,59.152267,0.008356549994124052
2012-07-05,64.83000200000001,65.25,64.480003,64.93,59.685393999999995,37016200,59.648647,0.000615867875646714
2012-07-06,64.629997,64.690002,63.650002,64.120003,58.940830000000005,40684100,59.685393999999995,-0.012553274521024171
2012-07-09,64.050003,64.260002,63.68,64.0,58.830535999999995,35628300,58.940830000000005,-0.0018730194951546153
2012-07-10,64.349998,64.510002,63.119999,63.369999,58.25141899999999,47365700,58.830535999999995,-0.009892587168531364
2012-07-11,63.290001000000004,63.459998999999996,62.5,63.02,57.929694999999995,43432000,58.25141899999999,-0.005538332544415603
2012-07-12,62.52,62.689999,61.860001000000004,62.43,57.387341000000006,57680400,57.929694999999995,-0.009406381186406243
2012-07-13,62.599998,63.52,62.560001,63.380001,58.260597,32357200,57.387341000000006,0.015102259713358102
2012-07-16,63.240002000000004,63.52,62.950001,63.200001,58.095146,27621400,58.260597,-0.0028438838899340624
2012-07-17,63.599998,63.740002000000004,62.630001,63.529999,58.398487,42467800,58.095146,0.005207867207608352
2012-07-18,63.41,64.58000200000001,63.389998999999996,64.389999,59.189034,44489700,58.398487,0.0134463062807475
2012-07-19,64.839996,65.309998,64.720001,65.099998,59.841675,53017800,59.189034,0.010966036339556062
2012-07-20,65.08000200000001,65.099998,64.209999,64.239998,59.051136,40573100,59.841675,-0.0132985441923541
2012-07-23,62.990002000000004,63.68,62.509997999999996,63.459998999999996,58.334141,48657800,59.051136,-0.012216249518439248
2012-07-24,63.57,63.66,62.549999,62.959998999999996,57.874527,57269700,58.334141,-0.007910191287015422
2012-07-25,62.470001,62.950001,62.150002,62.540001000000004,57.488448999999996,46264400,57.874527,-0.006693298920528612
2012-07-26,63.439999,63.73,62.970001,63.369999,58.25141899999999,41928200,57.488448999999996,0.013184411997823275
2012-07-27,63.830002,64.989998,63.639998999999996,64.870003,59.63025699999999,42621000,58.25141899999999,0.02339466037272686
2012-07-30,65.029999,65.309998,64.599998,64.82,59.584293,37821300,59.63025699999999,-0.0007711139668362677
2012-07-31,64.91999799999999,65.18,64.739998,64.800003,59.565926,34588300,59.584293,-0.00030829989738467845
2012-08-01,65.260002,65.279999,64.349998,64.610001,59.391266,30920200,59.565926,-0.002936520652067287
2012-08-02,64.120003,65.019997,63.91,64.379997,59.179825,40534900,59.391266,-0.003566488632960052
2012-08-03,65.41999799999999,65.879997,65.190002,65.599998,60.301292000000004,42117400,59.179825,0.018772839818326226
2012-08-06,65.940002,66.389999,65.800003,66.099998,60.760899,23523600,60.301292000000004,0.00759294383055753
2012-08-07,66.379997,66.91999799999999,66.279999,66.650002,61.266479000000004,28223300,60.760899,0.008286384600226349
2012-08-08,66.480003,66.760002,66.370003,66.620003,61.23889200000001,20723500,61.266479000000004,-0.00045038026073651594
2012-08-09,66.610001,66.910004,66.489998,66.82,61.422748999999996,20726200,61.23889200000001,0.0029977935431331204
2012-08-10,66.58000200000001,66.879997,66.410004,66.860001,61.459506999999995,20312000,61.422748999999996,0.0005982637736785534
2012-08-13,66.839996,67.029999,66.5,67.019997,61.606598,19890300,61.459506999999995,0.0023904400003935677
2012-08-14,67.269997,67.410004,66.860001,67.050003,61.634163,24218700,61.606598,0.00044733577163924565
2012-08-15,67.0,67.32,66.989998,67.220001,61.790428000000006,29100400,61.634163,0.002532154771249573
2012-08-16,67.470001,68.16999799999999,67.389999,68.019997,62.525822,35699900,61.790428000000006,0.011831157682503424
2012-08-17,68.16999799999999,68.33000200000001,68.010002,68.32,62.801598,22584800,62.525822,0.004400895591716747
2012-08-20,68.269997,68.43,68.0,68.41999799999999,62.893513,26924000,62.801598,0.0014625074221594758
2012-08-21,68.599998,68.879997,67.879997,68.150002,62.645329000000004,41391000,62.893513,-0.003953904932931351
2012-08-22,68.0,68.559998,67.809998,68.43,62.902721,44555700,62.645329000000004,0.004100300412726909
2012-08-23,68.120003,68.339996,67.690002,67.870003,62.38794300000001,28800400,62.902721,-0.008217386360316326
2012-08-24,67.709999,68.449997,67.599998,68.290001,62.77401,38384800,62.38794300000001,0.006169098758048719
2012-08-27,68.58000200000001,68.66999799999999,68.25,68.400002,62.875133999999996,20671400,62.77401,0.0016096253203832234
2012-08-28,68.339996,68.589996,68.110001,68.400002,62.875133999999996,27337900,62.875133999999996,0.0
2012-08-29,68.400002,68.57,68.110001,68.400002,62.875133999999996,26672400,62.875133999999996,0.0
2012-08-30,68.099998,68.129997,67.599998,67.709999,62.240852000000004,24425400,62.875133999999996,-0.010139190907897166
2012-08-31,68.199997,68.449997,67.470001,68.160004,62.654495,42128000,62.240852000000004,0.006623857851135284
2012-09-04,68.029999,68.349998,67.41999799999999,68.089996,62.59016,32017200,62.654495,-0.0010273493213501794
2012-09-05,68.059998,68.349998,67.839996,68.019997,62.525822,26129300,62.59016,-0.0010284538336753357
2012-09-06,68.440002,69.550003,68.41999799999999,69.529999,63.913876,43100000,62.525822,0.02195686619056847
2012-09-07,69.370003,69.550003,69.230003,69.43,63.821941,32958600,63.913876,-0.0014394555580965473
2012-09-10,69.25,69.400002,68.489998,68.540001,63.003838,25490000,63.821941,-0.01290138888017367
2012-09-11,68.550003,68.82,68.32,68.43,62.902721,29810100,63.003838,-0.0016062232586264713
2012-09-12,68.68,68.809998,68.209999,68.629997,63.086555000000004,42203400,62.902721,0.002918250446390047
2012-09-13,68.690002,69.860001,68.620003,69.559998,63.941441000000005,45417800,63.086555000000004,0.01346000777232259
2012-09-14,69.809998,70.43,69.790001,70.18,64.51133,38880300,63.941441000000005,0.008873187159282203
2012-09-17,70.220001,70.239998,69.959999,70.209999,64.53891800000001,31798400,64.51133,0.0004275543960252648
2012-09-18,70.029999,70.300003,70.019997,70.269997,64.59407,27169800,64.53891800000001,0.0008541892231814785
2012-09-19,70.260002,70.58000200000001,70.059998,70.400002,64.713577,36484600,64.59407,0.0018484140234331647
2012-09-20,70.059998,70.400002,69.870003,70.33000200000001,64.64924599999999,42520200,64.713577,-0.000994582582710457
2012-09-21,70.480003,70.540001,70.08000200000001,70.150002,64.667664,23678500,64.64924599999999,0.0002848506065378231
2012-09-24,69.57,69.860001,69.41999799999999,69.739998,64.289711,32341600,64.667664,-0.005861690069082215
2012-09-25,69.91999799999999,70.08000200000001,68.730003,68.760002,63.386303000000005,41299600,64.289711,-0.014151805794123895
2012-09-26,68.66999799999999,68.709999,67.849998,68.199997,62.870049,32770400,63.386303000000005,-0.008177915312795214
2012-09-27,68.370003,69.300003,68.25,69.139999,63.736603,25339500,62.870049,0.013689131153827638
2012-09-28,68.910004,69.120003,68.510002,68.57,63.21114300000001,30112600,63.736603,-0.008278414031939185
2012-10-01,68.900002,69.33000200000001,68.25,68.470001,63.118958,37715300,63.21114300000001,-0.001459430739509493
2012-10-02,68.769997,68.980003,68.129997,68.66999799999999,63.303337,33254300,63.118958,0.002916876817136149
2012-10-03,68.860001,69.239998,68.589996,69.110001,63.708946,38236000,63.303337,0.006386947297629675
2012-10-04,69.220001,69.540001,69.0,69.349998,63.93018299999999,26128600,63.708946,0.003466605002558687
2012-10-05,69.699997,69.800003,68.800003,68.980003,63.589115,25207900,63.93018299999999,-0.00534928938052559
2012-10-08,68.58000200000001,68.720001,68.190002,68.349998,63.008334999999995,30911500,63.589115,-0.009175288672127913
2012-10-09,68.16999799999999,68.339996,67.099998,67.260002,62.003521,67974000,63.008334999999995,-0.01607584547258778
2012-10-10,67.239998,67.43,66.800003,66.91999799999999,61.690113000000004,45134300,62.003521,-0.005067498795951586
2012-10-11,67.41999799999999,67.470001,66.66999799999999,66.709999,61.496517000000004,30469400,61.690113000000004,-0.003143135896854332
2012-10-12,66.699997,67.059998,66.550003,66.68,61.468842,24891200,61.496517000000004,-0.00045012677866917983
2012-10-15,66.93,67.260002,66.529999,67.16999799999999,61.92055500000001,22220100,61.468842,0.007321780135909783
2012-10-16,67.269997,68.199997,67.25,68.120003,62.796321999999996,33960600,61.92055500000001,0.014044312460467445
2012-10-17,67.769997,68.300003,67.68,68.08000200000001,62.759438,33439400,62.796321999999996,-0.0005875318035748478
2012-10-18,67.860001,68.08000200000001,67.040001,67.290001,62.031189000000005,61707600,62.759438,-0.011671666130724567
2012-10-19,67.209999,67.269997,65.599998,65.68,60.547016000000006,75362600,62.031189000000005,-0.024217119746507976
2012-10-22,65.650002,66.190002,65.5,66.019997,60.860431999999996,38621500,60.547016000000006,0.005163055502672265
2012-10-23,65.480003,65.949997,65.190002,65.389999,60.27967099999999,52591200,60.860431999999996,-0.009588326821834414
2012-10-24,65.760002,65.870003,65.059998,65.160004,60.067642000000006,39872400,60.27967099999999,-0.003523621991921466
2012-10-25,65.610001,65.720001,64.970001,65.160004,60.067642000000006,52688700,60.067642000000006,0.0
2012-10-26,65.160004,65.620003,64.650002,65.349998,60.242798,54213100,60.067642000000006,0.002911736067971127
2012-10-31,65.269997,65.389999,64.730003,64.949997,59.874054,38524500,60.242798,-0.006139773932344106
2012-11-01,65.360001,66.0,65.16999799999999,65.870003,60.722164,26945000,59.874054,0.014065515427201802
2012-11-02,66.16999799999999,66.209999,65.110001,65.16999799999999,60.076862,44083000,60.722164,-0.010683995718697048
2012-11-05,65.18,65.730003,65.040001,65.599998,60.473259,28094700,60.076862,0.006576491593696332
2012-11-06,65.709999,66.16999799999999,65.459999,65.720001,60.583884999999995,29608400,60.473259,0.0018276662927760867
2012-11-07,65.019997,65.099998,63.900002,64.16999799999999,59.15500600000001,70737800,60.583884999999995,-0.02386771448470615
2012-11-08,64.349998,64.5,63.16,63.16,58.223949,58585800,59.15500600000001,-0.015864454192104027
2012-11-09,63.200001,64.110001,63.16,63.43,58.472846999999994,51542100,58.223949,0.004265727696948218
2012-11-12,63.799999,63.869999,63.25,63.419998,58.463618999999994,32663700,58.472846999999994,-0.0001578292954249605
2012-11-13,62.93,63.580002,62.779999,62.98,58.058025,43288300,58.463618999999994,-0.006961721860202275
2012-11-14,63.290001000000004,63.360001000000004,62.139998999999996,62.240002000000004,57.375854000000004,82655300,58.058025,-0.011819388681763243
2012-11-15,62.279999,62.490002000000004,61.799999,62.029999,57.182251,55124200,57.375854000000004,-0.003379999770708686
2012-11-16,62.080002,62.48,61.310001,62.299999,57.43116800000001,70873100,57.182251,0.004343599441120283
2012-11-19,62.98,63.830002,62.959998999999996,63.779999,58.79549,55306400,57.43116800000001,0.023477998810723655
2012-11-20,63.759997999999996,63.889998999999996,63.189999,63.799999,58.813931000000004,52012700,58.79549,0.0003135973290975258
2012-11-21,63.869999,64.019997,63.599998,63.93,58.93376899999999,19611700,58.813931000000004,0.0020355054302862996
2012-11-23,64.290001,64.91999799999999,64.25,64.900002,59.827968999999996,16462900,58.93376899999999,0.015059006602864855
2012-11-26,64.739998,65.220001,64.540001,65.18,60.086093999999996,26430900,59.827968999999996,0.004305173091917247
2012-11-27,65.16999799999999,65.400002,64.849998,64.959999,59.883281999999994,25828600,60.086093999999996,-0.003381066068153693
2012-11-28,64.650002,65.57,64.25,65.519997,60.399508999999995,37295800,59.883281999999994,0.00858360809998171
2012-11-29,65.870003,66.139999,65.58000200000001,65.910004,60.759029000000005,41136100,60.399508999999995,0.005934720922728509
2012-11-30,65.91999799999999,65.970001,65.610001,65.800003,60.657639,33497400,60.759029000000005,-0.001670117047968489
2012-12-03,66.309998,66.370003,65.639999,65.66999799999999,60.537785,28240000,60.657639,-0.001977864099421467
2012-12-04,65.699997,65.769997,65.199997,65.629997,60.500916000000004,49584500,60.537785,-0.000609210125945836
2012-12-05,65.529999,65.540001,64.550003,64.900002,59.827968999999996,54076200,60.500916000000004,-0.011185244773137981
2012-12-06,64.699997,65.480003,64.529999,65.32,60.21514499999999,47512300,59.827968999999996,0.006450638102498019
2012-12-07,65.639999,65.709999,64.709999,64.93,59.855629,30089400,60.21514499999999,-0.00598841936986183
2012-12-10,64.75,65.459999,64.75,65.120003,60.03076899999999,33219600,59.855629,0.0029217680656907774
2012-12-11,65.57,66.339996,65.519997,65.970001,60.814331,40750800,60.03076899999999,0.012968220991139923
2012-12-12,66.32,66.32,65.650002,65.83000200000001,60.685299,45917700,60.814331,-0.0021239908057149037
2012-12-13,65.699997,66.160004,65.029999,65.309998,60.205929000000005,45467700,60.685299,-0.00793064179145464
2012-12-14,64.870003,65.08000200000001,64.470001,64.690002,59.634377,39630300,60.205929000000005,-0.009538632746362019
2012-12-17,64.75,65.57,64.660004,65.550003,60.427158,42302900,59.634377,0.01320643655564524
2012-12-18,65.879997,66.650002,65.699997,66.550003,61.348999,55596000,60.427158,0.015140215158900183
2012-12-19,66.739998,66.760002,66.220001,66.260002,61.081672999999995,34832500,61.348999,-0.004366984522273576
2012-12-20,66.379997,66.410004,65.93,66.260002,61.081672999999995,40754300,61.081672999999995,0.0
2012-12-21,64.879997,65.279999,64.599998,65.199997,60.43928100000001,51152900,61.081672999999995,-0.010572629044638404
2012-12-24,65.029999,65.139999,64.91999799999999,65.07,60.318775,11418300,60.43928100000001,-0.001995826100433362
2012-12-26,65.120003,65.18,64.290001,64.5,59.790386,21751300,60.318775,-0.008798536336986906
2012-12-27,64.559998,64.639999,63.599998,64.400002,59.697704,52933200,59.790386,-0.0015513181035409218
2012-12-28,63.91,64.43,63.75,63.779999,59.122958999999994,33082100,59.697704,-0.009674234565818729
2012-12-31,63.709998999999996,65.25,63.580002,65.129997,60.374396999999995,57544000,59.122958999999994,0.02094579821352216
