Date,Open_spy,High_spy,Low_spy,Close_spy,Adj Close_spy,Volume_spy,prev_adj_Close_spy,Target
2011-01-03,126.709999,127.599998,125.699997,127.050003,105.443665,138725200,104.364723,0.010285113206975005
2011-01-04,127.33000200000001,127.370003,126.190002,126.980003,105.38555900000001,137409700,105.443665,-0.0005512139196719446
2011-01-05,126.58000200000001,127.720001,126.459999,127.639999,105.933296,133975300,105.38555900000001,0.005183997676390106
2011-01-06,127.690002,127.83000200000001,127.010002,127.389999,105.72583,122519000,105.933296,-0.0019603791281124217
2011-01-07,127.559998,127.769997,126.150002,127.139999,105.51834099999999,156034600,105.72583,-0.0019644477359417323
2011-01-10,126.58000200000001,127.160004,126.199997,126.980003,105.38555900000001,122401700,105.51834099999999,-0.0012591708123359524
2011-01-11,127.440002,127.739998,126.949997,127.43,105.759033,110287000,105.38555900000001,0.00353761738301106
2011-01-12,128.21000700000002,128.720001,127.459999,128.580002,106.71346299999999,107929200,105.759033,0.008984093824943251
2011-01-13,128.630005,128.690002,128.050003,128.369995,106.539177,129048400,106.71346299999999,-0.0016345498822811777
2011-01-14,128.190002,129.330002,128.100006,129.300003,107.310997,117677900,106.539177,0.007218356074680798
2011-01-18,129.179993,129.639999,129.029999,129.520004,107.493591,114401300,107.310997,0.0017000944503067217
2011-01-19,129.41000400000001,129.53999299999998,127.910004,128.25,106.439568,151958400,107.493591,-0.009853839709131229
2011-01-20,127.959999,128.399994,127.129997,128.080002,106.29847,175745700,106.439568,-0.0013264954590734845
2011-01-21,128.880005,129.169998,128.229996,128.369995,106.539177,151462900,106.29847,0.0022618846432171935
2011-01-24,128.28999299999998,129.25,128.259995,129.100006,107.14502,113715500,106.539177,0.005670467277142599
2011-01-25,128.759995,129.279999,128.110001,129.169998,107.20311000000001,167552200,107.14502,0.0005420154719537607
2011-01-26,129.490005,130.050003,129.229996,129.669998,107.618095,141281500,107.20311000000001,0.0038635433239049277
2011-01-27,129.699997,130.21000700000002,129.470001,129.990005,107.883675,123302700,107.618095,0.002464760585964676
2011-01-28,130.139999,130.350006,127.510002,127.720001,105.999702,295637300,107.883675,-0.017617280532424395
2011-01-31,128.070007,128.779999,127.75,128.679993,106.796448,149249200,105.999702,0.0074883847586937335
2011-02-01,129.46000700000002,130.970001,129.380005,130.740005,108.50610400000001,167194300,106.796448,0.015881761916550552
2011-02-02,130.399994,130.83999599999999,130.330002,130.490005,108.298653,118323600,108.50610400000001,-0.0019137132061386453
2011-02-03,130.259995,130.979996,129.570007,130.779999,108.53931399999999,145886700,108.298653,0.0022197321082204624
2011-02-04,130.830002,131.199997,130.229996,131.149994,108.846397,134634800,108.53931399999999,0.0028252381708808727
2011-02-07,131.440002,132.399994,131.429993,131.970001,109.526909,112439100,108.846397,0.006232576823042457
2011-02-08,132.08999599999999,132.639999,131.729996,132.570007,110.024902,99072800,109.526909,0.004536458631490881
2011-02-09,132.21000700000002,132.630005,131.610001,132.270004,109.775925,146436700,110.024902,-0.0022654792512435407
2011-02-10,131.600006,132.470001,131.300003,132.320007,109.817429,162708500,109.775925,0.0003780078015855892
2011-02-11,131.800003,133.279999,131.770004,133.110001,110.473068,137710300,109.817429,0.0059525122039580936
2011-02-14,133.029999,133.53999299999998,132.880005,133.429993,110.73863999999999,101690700,110.473068,0.0024010675564056783
2011-02-15,133.020004,133.220001,132.320007,133.009995,110.39007600000001,119575400,110.73863999999999,-0.003152591802624727
2011-02-16,133.46000700000002,134.009995,133.190002,133.850006,111.08724199999999,130183500,110.39007600000001,0.006295618070184972
2011-02-17,133.46000700000002,134.429993,133.33999599999999,134.25,111.41918899999999,109810500,111.08724199999999,0.0029837092327786863
2011-02-18,134.369995,134.690002,134.059998,134.529999,111.65158100000001,130002400,111.41918899999999,0.0020835727072014976
2011-02-22,133.119995,134.559998,131.470001,131.830002,109.410744,233116400,111.65158100000001,-0.02027404493308982
2011-02-23,131.75,132.070007,130.21000700000002,131.020004,108.73850300000001,227584000,109.410744,-0.0061631487353981385
2011-02-24,130.880005,131.440002,129.699997,130.929993,108.66378799999998,260431400,108.73850300000001,-0.000687343289694553
2011-02-25,131.479996,132.41000400000001,131.399994,132.330002,109.82571399999999,141686900,108.66378799999998,0.010636089542537697
2011-02-28,132.820007,133.320007,132.380005,133.149994,110.50626399999999,141585500,109.82571399999999,0.006177516041218745
2011-03-01,133.570007,133.690002,130.889999,130.929993,108.66378799999998,258565500,110.50626399999999,-0.01681360558375644
2011-03-02,130.75,131.820007,130.350006,131.21000700000002,108.896179,200277400,108.66378799999998,0.0021363405371825905
2011-03-03,132.399994,133.619995,132.389999,133.470001,110.771828,176480100,108.896179,0.017077539968502364
2011-03-04,133.369995,133.630005,131.600006,132.470001,109.941925,277202300,110.771828,-0.007520210225961499
2011-03-07,132.860001,133.16000400000001,130.740005,131.429993,109.078773,216790400,109.941925,-0.007881962540628784
2011-03-08,131.639999,133.0,131.070007,132.580002,110.03319499999999,174615000,109.078773,0.008711783706198517
2011-03-09,132.320007,132.800003,131.600006,132.389999,109.875496,153806000,110.03319499999999,-0.0014342227796007023
2011-03-10,131.0,131.179993,129.809998,129.940002,107.842178,301291800,109.875496,-0.018679026668271703
2011-03-11,129.520004,131.309998,129.490005,130.83999599999999,108.589096,225621800,107.842178,0.006902153754777096
2011-03-14,129.990005,130.479996,129.059998,130.050003,107.933479,234974100,108.589096,-0.00605589512933058
2011-03-15,126.589996,129.330002,126.5,128.559998,106.69683799999999,359585400,107.933479,-0.011523578793656952
2011-03-16,128.149994,128.570007,125.279999,126.18,104.721588,468670300,106.69683799999999,-0.018686237645189507
2011-03-17,128.0,128.389999,127.099998,127.849998,106.107605,254303700,104.721588,0.013148434979613377
2011-03-18,128.83999599999999,128.880005,127.510002,127.760002,106.49353,230435400,106.107605,0.0036305114165449126
2011-03-21,129.350006,130.009995,129.199997,129.740005,108.14395900000001,153992600,106.49353,0.01537906110345233
2011-03-22,129.720001,129.889999,129.169998,129.28999299999998,107.76886,129538600,108.14395900000001,-0.003474544763958143
2011-03-23,128.929993,130.0,128.320007,129.66000400000001,108.07726299999999,148603100,107.76886,0.002857621027255064
2011-03-24,130.399994,131.08999599999999,129.669998,130.899994,109.110825,159129800,108.07726299999999,0.009517739318122942
2011-03-25,131.240005,131.869995,130.889999,131.300003,109.444305,155642800,109.110825,0.003051680908166432
2011-03-28,131.580002,131.919998,130.940002,130.979996,109.177521,109762400,109.444305,-0.0024405992512877006
2011-03-29,130.869995,131.899994,130.440002,131.860001,109.911049,129798800,109.177521,0.006696202735674284
2011-03-30,132.550003,133.16000400000001,132.360001,132.770004,110.66956299999998,135835000,109.911049,0.006877458384884072
2011-03-31,132.600006,132.96000700000002,132.449997,132.58999599999999,110.519524,132537100,110.66956299999998,-0.0013566584594881803
2011-04-01,133.41000400000001,133.770004,132.830002,133.149994,110.98631999999999,153850100,110.519524,0.0042147573408533034
2011-04-04,133.429993,133.669998,132.880005,133.259995,111.07800300000001,100768900,110.98631999999999,0.000825733769124426
2011-04-05,133.0,133.830002,132.940002,133.240005,111.061356,120791500,111.07800300000001,-0.00014987888779494085
2011-04-06,133.880005,134.0,133.119995,133.66000400000001,111.41145300000001,120411600,111.061356,0.0031473265480750356
2011-04-07,133.419998,133.979996,132.66000400000001,133.320007,111.128029,170731500,111.41145300000001,-0.0025471808480341807
2011-04-08,133.91000400000001,133.990005,132.309998,132.860001,110.744598,147945400,111.128029,-0.003456319843459177
2011-04-11,133.0,133.449997,132.139999,132.46000700000002,110.41118600000001,121385400,110.744598,-0.003015180037940546
2011-04-12,131.720001,131.979996,130.990005,131.470001,109.58598300000001,161187400,110.41118600000001,-0.007501977174761976
2011-04-13,132.080002,132.179993,130.96000700000002,131.46000700000002,109.57763700000001,162059000,109.58598300000001,-7.616227550943933e-05
2011-04-14,130.699997,131.759995,130.270004,131.559998,109.660995,161220400,109.57763700000001,0.0007604317109297654
2011-04-15,131.800003,132.369995,131.41000400000001,132.03999299999998,110.06109599999999,170006700,109.660995,0.003641886351998913
2011-04-18,130.58999599999999,132.029999,129.509995,130.559998,108.827469,210759300,110.06109599999999,-0.011271854804133064
2011-04-19,130.759995,131.350006,130.440002,131.309998,109.452606,124258800,108.827469,0.005727858661791707
2011-04-20,132.880005,133.389999,132.78999299999998,133.100006,110.94464099999999,156133800,109.452606,0.013539713531262265
2011-04-21,133.78999299999998,133.83999599999999,133.100006,133.779999,111.511475,135935400,110.94464099999999,0.005096153227448497
2011-04-25,133.679993,133.860001,133.199997,133.639999,111.394768,65757100,111.511475,-0.001047139901452887
2011-04-26,134.050003,135.059998,133.91000400000001,134.78999299999998,112.353325,146600000,111.394768,0.008568232707427903
2011-04-27,135.050003,135.869995,134.5,135.669998,113.086876,143031000,112.353325,0.006507744276424532
2011-04-28,135.429993,136.28999299999998,135.41000400000001,136.110001,113.45360600000001,124791100,113.086876,0.0032376581625861434
2011-04-29,136.16000400000001,136.570007,135.979996,136.429993,113.720352,115094100,113.45360600000001,0.002348386451850537
2011-05-02,137.070007,137.179993,135.949997,136.220001,113.545296,126278700,113.720352,-0.001540541090673031
2011-05-03,135.96000700000002,136.190002,135.03999299999998,135.729996,113.13686399999999,138375000,113.545296,-0.0036035693499796295
2011-05-04,135.669998,135.729996,134.229996,134.830002,112.386673,182678500,113.13686399999999,-0.006652908844961836
2011-05-05,134.080002,134.949997,133.020004,133.610001,111.369766,226900000,112.386673,-0.00908947251586234
2011-05-06,134.940002,135.630005,133.679993,134.199997,111.861557,222787200,111.369766,0.004406118182891383
2011-05-09,134.190002,135.110001,133.979996,134.720001,112.295006,114104500,111.861557,0.003867382105114281
2011-05-10,135.169998,136.110001,135.0,135.869995,113.253578,114806900,112.295006,0.008499967096673444
2011-05-11,135.669998,135.690002,133.820007,134.440002,112.06159199999999,193564200,113.253578,-0.010580708971834163
2011-05-12,134.080002,135.360001,133.389999,135.080002,112.595055,171550700,112.06159199999999,0.00474914951136185
2011-05-13,135.149994,135.33999599999999,133.559998,134.03999299999998,111.72816499999999,157444900,112.595055,-0.007728975319190923
2011-05-16,133.559998,134.610001,132.970001,133.190002,111.019669,141675400,111.72816499999999,-0.006361439090604826
2011-05-17,132.690002,133.350006,132.119995,133.169998,111.003029,192686200,111.019669,-0.0001498945844824462
2011-05-18,133.240005,134.5,132.949997,134.360001,111.994919,135217900,111.003029,0.008896014966291332
2011-05-19,134.800003,135.029999,133.940002,134.679993,112.26163500000001,119489500,111.994919,0.0023786696174603605
2011-05-20,134.330002,134.679993,133.360001,133.610001,111.369766,182594900,112.26163500000001,-0.007976283513680293
2011-05-23,131.979996,132.720001,131.58999599999999,132.059998,110.077751,168700000,111.369766,-0.011668946917978928
2011-05-24,132.440002,132.729996,131.699997,131.949997,109.986069,147199600,110.077751,-0.0008332310627379158
2011-05-25,131.419998,132.940002,131.380005,132.389999,110.35282099999999,151050100,109.986069,0.0033289841725130387
2011-05-26,132.029999,133.240005,131.779999,133.0,110.861298,164850000,110.35282099999999,0.004597155894066063
2011-05-27,133.369995,133.869995,132.96000700000002,133.509995,111.28638500000001,120921900,110.861298,0.0038270713706740622
2011-05-31,134.770004,134.919998,133.83999599999999,134.899994,112.44502299999999,164731200,111.28638500000001,0.010357493999960887
2011-06-01,134.509995,134.919998,131.759995,131.869995,109.919395,233094300,112.44502299999999,-0.022717093298891378
2011-06-02,131.96000700000002,132.240005,130.96000700000002,131.729996,109.80271100000002,200466800,109.919395,-0.0010621053392680935
2011-06-03,130.149994,131.419998,130.080002,130.419998,108.71075400000001,234690200,109.80271100000002,-0.009994497040393568
2011-06-06,130.08999599999999,130.360001,128.869995,129.03999299999998,107.56046299999998,179951200,108.71075400000001,-0.010637586110728847
2011-06-07,129.699997,130.070007,128.850006,128.96000700000002,107.49380500000001,161660500,107.56046299999998,-0.0006199179654009512
2011-06-08,128.759995,129.190002,128.179993,128.419998,107.04369399999999,198696400,107.49380500000001,-0.004196111752365006
2011-06-09,128.770004,129.929993,128.46000700000002,129.399994,107.86055800000001,160964400,107.04369399999999,0.00760215702076561
2011-06-10,128.850006,128.929993,127.260002,127.599998,106.360161,238629400,107.86055800000001,-0.014008183167951493
2011-06-13,127.889999,128.240005,127.050003,127.699997,106.443504,207599800,106.360161,0.0007832854219040897
2011-06-14,128.869995,129.770004,128.820007,129.320007,107.79385400000001,160570400,106.443504,0.0126062783400398
2011-06-15,128.240005,129.300003,126.68,127.019997,105.876709,300958000,107.79385400000001,-0.017945349344134165
2011-06-16,127.059998,127.970001,126.32,127.300003,106.110123,308032800,105.876709,0.0022021565408207877
2011-06-17,127.93,127.940002,126.620003,127.050003,106.42676499999999,233284900,106.110123,0.002979644966568884
2011-06-20,126.620003,127.970001,126.58000200000001,127.699997,106.97123700000002,159479000,106.42676499999999,0.0051028892152436
2011-06-21,128.360001,129.699997,127.75,129.449997,108.437164,193157300,106.97123700000002,0.013610886336218542
2011-06-22,129.050003,129.809998,128.58999599999999,128.669998,107.783775,176703000,108.437164,-0.006043734634282316
2011-06-23,127.160004,128.639999,126.190002,128.300003,107.47383899999998,334286500,107.783775,-0.00287967713123205
2011-06-24,128.270004,128.369995,126.620003,126.809998,106.225677,226129300,107.47383899999998,-0.011681600566921801
2011-06-27,126.889999,128.429993,126.639999,127.940002,107.17229499999999,168904700,106.225677,0.008871913825727162
2011-06-28,128.449997,129.630005,128.270004,129.610001,108.571198,165556300,107.17229499999999,0.012968387468006881
2011-06-29,130.199997,130.929993,129.630005,130.720001,109.501015,244295500,108.571198,0.008527658081389333
2011-06-30,131.139999,132.179993,130.71000700000002,131.970001,110.548096,223322700,109.501015,0.00951686555912179
2011-07-01,132.08999599999999,134.100006,131.779999,133.919998,112.18158000000001,202385700,110.548096,0.014668124308938602
2011-07-05,133.779999,134.080002,133.389999,133.809998,112.089424,165936000,112.18158000000001,-0.0008218271960549473
2011-07-06,133.490005,134.139999,133.110001,133.970001,112.22348000000001,143331600,112.089424,0.0011952590650770034
2011-07-07,135.16000400000001,135.699997,134.880005,135.360001,113.38781000000002,170464200,112.22348000000001,0.010321649567687885
2011-07-08,133.830002,135.360001,133.389999,134.399994,112.583656,194100500,113.38781000000002,-0.00711733573149953
2011-07-11,132.75,133.179993,131.66000400000001,131.970001,110.548096,195918600,112.583656,-0.018245870014149013
2011-07-12,131.690002,132.779999,131.360001,131.399994,110.070625,214675700,110.548096,-0.004328478955150317
2011-07-13,132.08999599999999,133.220001,131.520004,131.83999599999999,110.439201,204062600,110.070625,0.0033429471142509826
2011-07-14,132.169998,132.779999,130.679993,130.929993,109.67691,226111800,110.439201,-0.006926290347533559
2011-07-15,131.66000400000001,131.869995,130.770004,131.690002,110.313553,220012800,109.67691,0.005787930700446253
2011-07-18,131.080002,131.279999,129.630005,130.610001,109.408875,196872100,110.313553,-0.008234781679198555
2011-07-19,131.33999599999999,132.889999,131.309998,132.729996,111.184738,166554900,109.408875,0.016101113183723648
2011-07-20,133.070007,133.149994,132.419998,132.649994,111.11771399999999,137145400,111.184738,-0.0006029983153847951
2011-07-21,133.399994,134.820007,132.669998,134.490005,112.65907299999999,245246300,111.11771399999999,0.01377607925491997
2011-07-22,134.520004,134.720001,133.759995,134.580002,112.73443600000002,126019400,112.65907299999999,0.0006687238079114977
2011-07-25,133.300003,134.490005,133.16000400000001,133.830002,112.10619399999999,136653800,112.73443600000002,-0.005588346154151047
2011-07-26,133.740005,133.96000700000002,133.029999,133.330002,111.687325,131278200,112.10619399999999,-0.003743356742376136
2011-07-27,132.58999599999999,132.630005,130.429993,130.600006,109.400475,249020100,111.687325,-0.020687994203394844
2011-07-28,130.600006,131.770004,130.009995,130.220001,109.082169,207939900,109.400475,-0.002913789575028858
2011-07-29,128.91000400000001,130.550003,127.970001,129.330002,108.33663200000001,307038400,109.082169,-0.006858099839313958
2011-08-01,130.83999599999999,130.96000700000002,127.529999,128.779999,107.87593799999999,325790900,108.33663200000001,-0.00426149781390972
2011-08-02,127.809998,128.5,125.489998,125.489998,105.119957,346653800,107.87593799999999,-0.025879698935018958
2011-08-03,125.660004,126.309998,123.529999,126.16999799999999,105.68958300000001,370830800,105.119957,0.00540418983257851
2011-08-04,124.41999799999999,124.620003,120.059998,120.260002,100.73893000000001,520721800,105.68958300000001,-0.0479740166530096
2011-08-05,121.760002,122.07,116.860001,120.08000200000001,100.588165,655619200,100.73893000000001,-0.0014977122496331319
2011-08-08,116.910004,120.120003,112.019997,112.260002,94.03750600000001,702263900,100.588165,-0.06734090391916503
2011-08-09,114.07,117.639999,110.269997,117.480003,98.41020999999999,717828700,94.03750600000001,0.04545085614742472
2011-08-10,115.260002,116.279999,111.949997,112.290001,94.06264499999999,662607400,98.41020999999999,-0.04518356236784982
2011-08-11,113.260002,118.91999799999999,112.32,117.33000200000001,98.284523,487979700,94.06264499999999,0.043905571694793366
2011-08-12,118.400002,119.209999,117.279999,118.120003,98.946297,313731600,98.284523,0.00671068024240018
2011-08-15,119.190002,120.739998,119.0,120.620003,101.040482,258810600,98.946297,0.02094400001138297
2011-08-16,119.470001,120.690002,118.309998,119.589996,100.177673,294095200,101.040482,-0.008575908948389888
2011-08-17,120.25,121.199997,118.720001,119.66999799999999,100.244698,238201100,100.177673,0.0006688375370895727
2011-08-18,116.5,119.709999,113.389999,114.510002,95.922302,512956300,100.244698,-0.04407566741026692
2011-08-19,112.959999,115.879997,112.5,112.639999,94.355804,428281300,95.922302,-0.016465724041424323
2011-08-22,115.16999799999999,115.230003,112.410004,112.730003,94.431236,275090600,94.355804,0.0007991226941657104
2011-08-23,113.150002,116.57,112.58000200000001,116.440002,97.53899399999999,331136600,94.431236,0.032380328261274016
2011-08-24,116.190002,118.239998,115.91999799999999,118.08000200000001,98.91278100000001,246869700,97.53899399999999,0.013986225314735812
2011-08-25,118.730003,119.400002,115.870003,116.279999,97.404976,312365400,98.91278100000001,-0.015361164186791676
2011-08-26,115.690002,118.510002,113.849998,117.970001,98.820625,314495900,97.404976,0.01442904038903059
2011-08-29,119.559998,121.43,118.059998,121.360001,101.66037,190977200,98.820625,0.02833121356681101
2011-08-30,120.83000200000001,122.43,119.260002,121.68,101.928421,241315700,101.66037,0.002633260442026497
2011-08-31,122.459999,123.510002,121.300003,122.220001,102.380775,301828400,101.928421,0.00442813880156212
2011-09-01,122.290001,123.400002,120.779999,120.940002,101.30854000000001,254585900,102.380775,-0.010528239090009883
2011-09-02,118.41999799999999,120.870003,117.43,117.849998,98.720123,255517200,101.30854000000001,-0.0258819056441979
2011-09-06,114.389999,117.160004,114.379997,116.989998,97.99971,285130500,98.720123,-0.0073242866219169755
2011-09-07,118.760002,120.339996,118.360001,120.290001,100.764053,209803200,97.99971,0.02781715548826913
2011-09-08,119.57,120.940002,118.769997,119.040001,99.716957,250568200,100.764053,-0.01044593222427892
2011-09-09,117.68,119.059998,115.279999,115.91999799999999,97.103401,380195100,99.716957,-0.026559342315965573
2011-09-12,114.470001,116.760002,114.050003,116.66999799999999,97.731667,305793500,97.103401,0.006449230973131215
2011-09-13,117.050003,118.18,116.220001,117.739998,98.627983,272514700,97.731667,0.009129393185826729
2011-09-14,118.339996,120.800003,116.720001,119.370003,99.99337,319389500,98.627983,0.01374885920064628
2011-09-15,120.650002,121.470001,119.400002,121.43,101.71901700000001,326777200,99.99337,0.01711039293414185
2011-09-16,121.290001,121.970001,120.32,121.519997,102.32103000000001,284528300,101.71901700000001,0.005900946953800279
2011-09-19,119.529999,120.93,118.720001,120.309998,101.302216,241517000,102.32103000000001,-0.01000693704574207
2011-09-20,120.82,121.989998,120.010002,120.16999799999999,101.184326,218932200,101.302216,-0.0011644231972756103
2011-09-21,120.230003,120.599998,116.440002,116.629997,98.20360600000001,316251300,101.184326,-0.02990092777125497
2011-09-22,113.25,114.209999,111.300003,112.860001,95.029236,513911300,98.20360600000001,-0.03285834403936505
2011-09-23,112.110001,114.160004,112.019997,113.540001,95.601784,307242500,95.029236,0.0060068893466525
2011-09-26,114.610001,116.400002,112.980003,116.239998,97.875214,260673700,95.601784,0.023501859799795355
2011-09-27,118.529999,119.559998,116.839996,117.540001,98.96981,311753900,97.875214,0.011121513362186697
2011-09-28,117.779999,118.489998,114.970001,115.139999,96.94901999999999,286696800,98.96981,-0.02062958079876598
2011-09-29,117.050003,117.629997,113.93,116.050003,97.715248,298108900,96.94901999999999,0.007872343137640847
2011-09-30,114.449997,115.449997,113.07,113.150002,95.273422,288392300,97.715248,-0.02530673243119974
2011-10-03,112.489998,113.949997,109.809998,109.93,92.562164,365136800,95.273422,-0.028870421999077855
2011-10-04,108.349998,112.58000200000001,107.43,112.339996,94.59137,459177500,92.562164,0.0216857836391382
2011-10-05,112.620003,114.720001,111.58000200000001,114.41999799999999,96.34275799999999,284108000,94.59137,0.018345982888108736
2011-10-06,114.360001,116.660004,113.510002,116.489998,98.085724,257800800,96.34275799999999,0.01792960243808306
2011-10-07,117.16999799999999,117.25,115.059998,115.709999,97.428963,312657900,98.085724,-0.006718303165359707
2011-10-10,117.68,119.629997,117.66999799999999,119.58000200000001,100.687538,230666300,97.428963,0.03289851050080461
2011-10-11,118.870003,120.040001,118.75,119.699997,100.788567,209088000,100.687538,0.0010028882429287123
2011-10-12,120.599998,122.139999,120.33000200000001,120.75,101.672691,281544900,100.788567,0.008733815336065653
2011-10-13,120.040001,120.870003,119.120003,120.510002,101.470619,212538800,101.672691,-0.0019894533238504764
2011-10-14,121.910004,122.599998,121.230003,122.57,103.205147,211397600,101.470619,0.016949437237197884
2011-10-17,121.989998,122.550003,119.93,120.230003,101.234848,202311600,103.205147,-0.019275680429455377
2011-10-18,120.139999,123.5,119.199997,122.58000200000001,103.21356999999999,318857900,101.234848,0.019357291245829522
2011-10-19,122.379997,123.08000200000001,120.709999,121.129997,101.992653,226601300,103.21356999999999,-0.011899555372912651
2011-10-20,121.43,122.099998,119.82,121.660004,102.438919,262075600,101.992653,0.004365927478835019
2011-10-21,123.089996,124.120003,122.720001,123.970001,104.383972,278999400,102.438919,0.018809430001070382
2011-10-24,124.16999799999999,125.800003,124.059998,125.489998,105.66378799999998,203215600,104.383972,0.012186103177699081
2011-10-25,124.889999,124.949997,122.779999,123.050003,103.609314,268596800,105.66378799999998,-0.019635012676657126
2011-10-26,124.349998,124.769997,122.209999,124.300003,104.66184200000001,289053800,103.609314,0.010107371377099383
2011-10-27,127.629997,129.419998,126.610001,128.630005,108.307724,393220200,104.66184200000001,0.03424187123373379
2011-10-28,128.0,128.850006,127.800003,128.600006,108.28246299999999,225906500,108.307724,-0.0002332607997104219
2011-10-31,127.160004,128.619995,125.32,125.5,105.67224099999999,228146700,108.28246299999999,-0.024400973309385954
2011-11-01,122.029999,123.510002,121.519997,122.0,102.725189,416565800,105.67224099999999,-0.02828488312945332
2011-11-02,123.83000200000001,124.400002,122.790001,123.989998,104.400803,244717600,102.725189,0.016180012358344875
2011-11-03,125.269997,126.5,123.599998,126.25,106.30374099999999,291174800,104.400803,0.0180631105892326
2011-11-04,125.230003,125.699997,124.010002,125.480003,105.65541100000002,249401600,106.30374099999999,-0.006117518548344414
2011-11-07,125.389999,126.389999,124.199997,126.260002,106.312172,196617200,105.65541100000002,0.006196825876619627
2011-11-08,126.91999799999999,128.020004,125.709999,127.879997,107.676231,224426300,106.312172,0.012749078519136425
2011-11-09,124.889999,125.800003,122.860001,123.160004,103.70193499999999,337982000,107.676231,-0.037608088770104686
2011-11-10,124.790001,124.940002,123.019997,124.32,104.678673,231866500,103.70193499999999,0.009374626196136937
2011-11-11,125.83000200000001,126.989998,125.790001,126.660004,106.64896399999999,189924400,104.678673,0.01864732999984664
2011-11-14,126.190002,127.449997,124.91999799999999,125.459999,105.63855,159258300,106.64896399999999,-0.009519369379047404
2011-11-15,125.16999799999999,126.75,124.720001,126.08000200000001,106.160599,184709400,105.63855,0.0049296709612445255
2011-11-16,124.809998,126.339996,123.900002,124.08000200000001,104.47659300000001,235782500,106.160599,-0.015989976549919405
2011-11-17,123.849998,124.160004,121.230003,122.110001,102.81781,331219600,104.47659300000001,-0.016004468842218067
2011-11-18,122.5,122.75,121.470001,121.980003,102.70837399999999,215580400,102.81781,-0.0010649349704507927
2011-11-21,120.199997,120.349998,118.650002,119.660004,100.754913,229611600,102.70837399999999,-0.01920268816612758
2011-11-22,119.400002,120.099998,118.519997,119.190002,100.359161,216494900,100.754913,-0.003935602346910372
2011-11-23,118.07,119.190002,116.559998,116.559998,98.144669,224329100,100.359161,-0.02231275713581571
2011-11-25,116.379997,117.699997,116.199997,116.339996,97.959412,99557000,98.144669,-0.0018893748071446836
2011-11-28,119.540001,120.18,118.82,119.709999,100.796982,210686000,97.959412,0.02855518509687993
2011-11-29,120.050003,121.0,119.610001,120.050003,101.083275,199241500,100.796982,0.00283626736141418
2011-11-30,123.489998,125.220001,120.0,124.989998,105.24282099999999,324439500,101.083275,0.04032557913575374
2011-12-01,124.849998,125.639999,124.43,124.970001,105.22598300000001,176954800,105.24282099999999,-0.00016000471058763566
2011-12-02,126.120003,126.5,124.779999,124.860001,105.13333899999999,221109700,105.22598300000001,-0.00088081673879703
2011-12-05,126.839996,127.18,125.440002,126.220001,106.278488,225263900,105.13333899999999,0.010833454458456515
2011-12-06,126.209999,127.110001,125.760002,126.260002,106.312172,178842100,106.278488,0.00031689068825446753
2011-12-07,125.839996,127.260002,124.970001,126.730003,106.70790900000001,237802500,106.312172,0.003715494364674221
2011-12-08,125.900002,126.18,123.650002,123.949997,104.367126,240862800,106.70790900000001,-0.02218053846766388
2011-12-09,124.510002,126.370003,124.400002,126.050003,106.13533799999999,209111400,104.367126,0.016800312510335758
2011-12-12,124.949997,124.970001,123.160004,124.209999,104.58602900000001,215826100,106.13533799999999,-0.014705076570181497
2011-12-13,124.860001,125.57,122.449997,123.050003,103.609314,245159800,104.58602900000001,-0.009382747485300769
2011-12-14,122.559998,123.029999,121.470001,121.739998,102.506271,238618800,103.609314,-0.01070325206439282
2011-12-15,123.029999,123.199997,121.989998,122.18,102.876762,199109200,102.506271,0.0036078092377573867
2011-12-16,122.230003,122.949997,121.300003,121.589996,103.029297,220481400,102.876762,0.0014815982457596633
2011-12-19,122.059998,122.32,120.029999,120.290001,101.92774200000001,183903000,103.029297,-0.01074923420095164
2011-12-20,122.18,124.139999,120.370003,123.93,105.012093,225418100,101.92774200000001,0.029811364476991287
2011-12-21,123.93,124.360001,122.75,124.16999799999999,105.215424,194230900,105.012093,0.0019343905717459364
2011-12-22,124.629997,125.400002,124.230003,125.269997,106.14753700000001,119465400,105.215424,0.008820079339348474
2011-12-23,125.66999799999999,126.43,125.410004,126.389999,107.09656499999998,92187200,106.14753700000001,0.00890091924475822
2011-12-27,126.16999799999999,126.82,126.059998,126.489998,107.181297,86075700,107.09656499999998,0.0007908610215308087
2011-12-28,126.510002,126.529999,124.730003,124.83000200000001,105.774704,119107100,107.181297,-0.01321036692235733
2011-12-29,125.239998,126.25,124.860001,126.120003,106.867775,123507200,105.774704,0.010280924423200943
2011-12-30,126.019997,126.33000200000001,125.5,125.5,106.34243000000001,95599000,106.867775,-0.004927963585597439
2012-01-03,127.760002,128.380005,127.43,127.5,108.037117,193697900,106.34243000000001,0.01581048496009707
2012-01-04,127.199997,127.809998,126.709999,127.699997,108.206604,127186500,108.037117,0.001567555662860265
2012-01-05,127.010002,128.229996,126.43,128.03999299999998,108.494698,173895000,108.206604,0.0026589057571060337
2012-01-06,128.199997,128.220001,127.290001,127.709999,108.215065,148050000,108.494698,-0.0025807158046546874
2012-01-09,128.0,128.179993,127.410004,128.020004,108.477776,99530200,108.215065,0.00242473288458811
2012-01-10,129.389999,129.649994,128.949997,129.130005,109.41831200000001,115282000,108.477776,0.008632939213851998
2012-01-11,128.729996,129.369995,128.520004,129.199997,109.477623,111540700,109.41831200000001,0.0005419104877528724
2012-01-12,129.570007,129.699997,128.53999299999998,129.509995,109.74028,118983700,109.477623,0.0023963109042970387
2012-01-13,128.639999,129.050003,127.720001,128.83999599999999,109.172577,179836200,109.74028,-0.005186577713232943
2012-01-17,130.080002,130.320007,128.899994,129.33999599999999,109.596252,132209200,109.172577,0.003873271449219118
2012-01-18,129.309998,130.83999599999999,129.080002,130.770004,110.807961,163395200,109.596252,0.010995445063699094
2012-01-19,131.220001,131.570007,130.800003,131.46000700000002,111.392624,126328900,110.807961,0.005262491539301806
2012-01-20,131.240005,131.949997,130.919998,131.949997,111.807823,138230200,111.392624,0.003720417987469027
2012-01-23,131.509995,132.25,130.979996,131.610001,111.519737,129295800,111.807823,-0.0025799427513035766
2012-01-24,130.800003,131.5,130.600006,131.46000700000002,111.392624,103083300,111.519737,-0.0011404752361654502
2012-01-25,131.259995,132.869995,130.75,132.559998,112.324715,198613200,111.392624,0.008332804220900769
2012-01-26,133.149994,133.399994,131.360001,131.880005,111.748512,184880500,112.324715,-0.005142999704006002
2012-01-27,131.240005,132.050003,131.149994,131.820007,111.697685,135259100,111.748512,-0.0004549372650686223
2012-01-30,130.509995,131.440002,130.059998,131.369995,111.316368,147311800,111.697685,-0.003419671240163069
2012-01-31,132.020004,132.179993,130.679993,131.320007,111.27401,157212000,111.316368,-0.00038059147831859264
2012-02-01,132.28999299999998,133.139999,132.130005,132.470001,112.248451,166234500,111.27401,0.008719008987348786
2012-02-02,132.729996,133.020004,132.21000700000002,132.679993,112.42640700000001,113090400,112.248451,0.0015841206158819787
2012-02-03,134.0,134.619995,133.770004,134.53999299999998,114.00244099999999,160598500,112.42640700000001,0.01392101285749181
2012-02-06,133.979996,134.509995,133.830002,134.449997,113.926201,107694500,114.00244099999999,-0.000668981328316498
2012-02-07,134.169998,135.020004,133.639999,134.78999299999998,114.214294,135528100,113.926201,0.0025255766463931906
2012-02-08,134.860001,135.220001,134.309998,135.190002,114.553238,139361400,114.214294,0.0029632198682190136
2012-02-09,135.41000400000001,135.58999599999999,134.559998,135.360001,114.697296,148602900,114.553238,0.001256773682904111
2012-02-10,134.16000400000001,134.470001,133.83999599999999,134.360001,113.84996000000001,167907500,114.697296,-0.007415008144952218
2012-02-13,135.320007,135.520004,134.740005,135.360001,114.697296,115841900,113.84996000000001,0.007415008144952218
2012-02-14,135.0,135.270004,134.25,135.190002,114.553238,165329500,114.697296,-0.001256773682904111
2012-02-15,135.630005,135.830002,134.28999299999998,134.559998,114.01943200000001,195195100,114.553238,-0.004670785623403617
2012-02-16,134.570007,136.169998,134.330002,136.050003,115.28198200000001,186567800,114.01943200000001,0.011012254456202797
2012-02-17,136.520004,136.630005,135.96000700000002,136.41000400000001,115.587029,129869400,115.28198200000001,0.0026425995953207604
2012-02-21,136.729996,137.050003,136.050003,136.470001,115.63788600000001,134042300,115.587029,0.00043989204900451995
2012-02-22,136.259995,136.550003,135.78999299999998,136.029999,115.26501499999999,124455300,115.63788600000001,-0.0032296807229199587
2012-02-23,135.96000700000002,136.729996,135.5,136.630005,115.77343,137704300,115.26501499999999,0.004401136102402781
2012-02-24,136.929993,137.199997,136.630005,136.929993,116.02761100000001,105539100,115.77343,0.0021930971559118717
2012-02-27,136.020004,137.529999,135.800003,137.16000400000001,116.222527,145728900,116.02761100000001,0.001678501011375566
2012-02-28,137.199997,137.720001,136.929993,137.559998,116.561501,129355900,116.222527,0.002912349635876943
2012-02-29,137.759995,138.190002,136.53999299999998,137.020004,116.10390500000001,185934700,116.561501,-0.003933516356227962
2012-03-01,137.309998,137.990005,136.929993,137.729996,116.705482,145023500,116.10390500000001,0.005167990403372791
2012-03-02,137.639999,137.820007,137.0,137.309998,116.34960900000002,120638300,116.705482,-0.003053984146579758
2012-03-05,137.100006,137.199997,136.279999,136.75,115.875114,140765000,116.34960900000002,-0.004086521488284589
2012-03-06,135.350006,135.429993,134.360001,134.75,114.18041200000002,202129900,115.875114,-0.014733248836989787
2012-03-07,135.059998,135.91000400000001,134.929993,135.690002,114.97693600000001,143692200,114.18041200000002,0.006951792860046879
2012-03-08,136.520004,137.320007,136.240005,137.03999299999998,116.120827,116968900,114.97693600000001,0.009899709346523622
2012-03-09,137.300003,137.929993,137.130005,137.570007,116.56993899999999,122836800,116.120827,0.0038601665669917296
2012-03-12,137.550003,137.759995,137.08999599999999,137.580002,116.57843799999999,104003500,116.56993899999999,7.290636214651869e-05
2012-03-13,138.320007,140.130005,138.08999599999999,140.059998,118.679855,184090500,116.57843799999999,0.017865239646016384
2012-03-14,140.100006,140.449997,139.479996,139.91000400000001,118.55273400000002,145163600,118.679855,-0.0010716994043935557
2012-03-15,140.119995,140.779999,139.759995,140.720001,119.239098,165118500,118.55273400000002,0.005772829960966064
2012-03-16,140.360001,140.479996,140.0,140.300003,119.40421299999998,152893500,119.239098,0.001383780887515229
2012-03-19,140.21000700000002,141.279999,140.110001,140.850006,119.87228400000001,125291100,119.40421299999998,0.003912390919495579
2012-03-20,140.050003,140.610001,139.639999,140.440002,119.523323,121729700,119.87228400000001,-0.002915352136430016
2012-03-21,140.520004,140.649994,139.919998,140.21000700000002,119.32764399999999,122388400,119.523323,-0.0016385032577925784
2012-03-22,139.179993,139.550003,138.740005,139.199997,118.46801,135216700,119.32764399999999,-0.0072300542942898005
2012-03-23,139.320007,139.809998,138.550003,139.649994,118.851021,120521000,118.46801,0.00322781810568884
2012-03-26,140.649994,141.610001,140.600006,141.610001,120.519112,120164000,118.851021,0.013937561733466275
2012-03-27,141.740005,141.830002,141.080002,141.169998,120.144646,119868500,120.519112,-0.0031119459391177884
2012-03-28,141.100006,141.320007,139.639999,140.470001,119.548882,148562100,120.144646,-0.004971058099218162
2012-03-29,139.639999,140.490005,139.08999599999999,140.229996,119.344597,164963700,119.548882,-0.0017102605784762304
2012-03-30,140.919998,141.050003,140.050003,140.809998,119.83825700000001,135486800,119.344597,0.0041278937241608915
2012-04-02,140.639999,142.21000700000002,140.360001,141.83999599999999,120.714859,151741100,119.83825700000001,0.007288252132394035
2012-04-03,141.639999,141.880005,140.429993,141.259995,120.22121399999999,155806700,120.714859,-0.004097731689594042
2012-04-04,140.220001,140.33999599999999,139.33999599999999,139.860001,119.02970900000001,146896000,120.22121399999999,-0.009960378298440098
2012-04-05,139.380005,140.199997,139.259995,139.78999299999998,118.970169,137439400,119.02970900000001,-0.0005003364013660416
2012-04-09,138.029999,139.83999599999999,137.83999599999999,138.220001,117.63401,127555900,118.970169,-0.011294586679266416
2012-04-10,137.949997,138.33999599999999,135.759995,135.899994,115.65951499999998,235360300,117.63401,-0.01692753493832644
2012-04-11,137.28999299999998,137.53999299999998,136.75,137.0,116.595673,154133000,115.65951499999998,0.008061504054775348
2012-04-12,137.130005,138.899994,137.029999,138.78999299999998,118.119095,154321500,116.595673,0.012981231695612827
2012-04-13,138.470001,138.820007,137.009995,137.139999,116.714851,169246700,118.119095,-0.011959606024189995
2012-04-16,137.83999599999999,138.03999299999998,136.580002,137.050003,116.638245,147825300,116.714851,-0.0006565672713589876
2012-04-17,137.83999599999999,139.360001,137.699997,139.080002,118.365936,147877600,116.638245,0.014703756501984522
2012-04-18,138.46000700000002,139.080002,138.380005,138.610001,117.96586599999999,123884200,118.365936,-0.003385666920595831
2012-04-19,138.630005,139.149994,137.070007,137.720001,117.20846599999999,198666700,117.96586599999999,-0.006441201403308838
2012-04-20,138.330002,138.830002,137.869995,137.949997,117.404198,143199600,117.20846599999999,0.0016685548177486353
2012-04-23,136.53999299999998,136.91000400000001,135.940002,136.78999299999998,116.416977,171844900,117.404198,-0.00844428966903532
2012-04-24,136.91000400000001,137.66000400000001,136.800003,137.309998,116.85949699999999,137484200,116.416977,0.003793957643639878
2012-04-25,138.649994,139.25,138.529999,139.190002,118.459534,150252200,116.85949699999999,0.013599084202470912
2012-04-26,138.889999,140.320007,138.809998,140.16000400000001,119.285072,136291600,118.459534,0.006944774326148817
2012-04-27,140.580002,140.78999299999998,139.800003,140.389999,119.48081200000001,130725000,119.285072,0.001639598091411898
2012-04-30,140.110001,140.21000700000002,139.490005,139.869995,119.03825400000001,115092200,119.48081200000001,-0.00371088580281409
2012-05-01,139.78999299999998,141.66000400000001,139.630005,140.740005,119.77866399999999,138832200,119.03825400000001,0.006200669353672694
2012-05-02,139.919998,140.46000700000002,139.46000700000002,140.320007,119.421219,121081000,119.77866399999999,-0.0029886742550235823
2012-05-03,140.33999599999999,140.449997,138.990005,139.25,118.510574,143759700,119.421219,-0.007654710075402527
2012-05-04,138.520004,139.300003,136.919998,137.0,116.595673,193927300,118.510574,-0.016290025210961012
2012-05-07,136.509995,137.559998,136.46000700000002,137.100006,116.68081699999999,127765900,116.595673,0.0007299835811220845
2012-05-08,136.279999,136.770004,134.919998,136.550003,116.2127,213377700,116.68081699999999,-0.0040200142661541705
2012-05-09,135.100006,136.610001,134.490005,135.740005,115.52336899999999,220752500,116.2127,-0.00594929426533497
2012-05-10,136.679993,136.850006,135.71000700000002,136.020004,115.761673,150600000,115.52336899999999,0.002060696033504783
2012-05-11,135.169998,136.869995,135.110001,135.610001,115.412697,153032400,115.761673,-0.0030191605158123025
2012-05-14,134.309998,135.610001,133.91000400000001,134.110001,114.13611599999999,163910000,115.412697,-0.011122637874725783
2012-05-15,134.020004,134.809998,133.130005,133.33999599999999,113.480797,207629300,114.13611599999999,-0.005758102963392631
2012-05-16,133.940002,134.550003,132.800003,132.830002,113.046768,207265500,113.480797,-0.0038320239845548443
2012-05-17,132.860001,133.020004,130.78999299999998,130.860001,111.37016299999999,247992900,113.046768,-0.014942154201670554
2012-05-18,131.369995,131.600006,129.550003,129.740005,110.416977,319615900,111.37016299999999,-0.008595555799362664
2012-05-21,130.16000400000001,132.020004,129.949997,131.970001,112.314842,177861100,110.416977,0.017042117663954137
2012-05-22,132.309998,133.229996,131.33999599999999,132.199997,112.510582,197531200,112.314842,0.0017412625847592622
2012-05-23,131.25,132.46000700000002,129.990005,132.270004,112.570198,204958400,112.510582,0.0005297298276119022
2012-05-24,132.630005,132.83999599999999,131.419998,132.529999,112.79144299999999,167357600,112.570198,0.001963466986634188
2012-05-25,132.479996,132.850006,131.779999,132.100006,112.42550700000001,135465600,112.79144299999999,-0.0032496339376519856
2012-05-29,133.16000400000001,133.929993,131.169998,133.699997,113.787186,152883500,112.42550700000001,0.012039071978056093
2012-05-30,132.559998,133.690002,131.490005,131.759995,112.136124,162370400,113.787186,-0.014616388137529412
2012-05-31,131.71000700000002,132.449997,130.33999599999999,131.470001,111.88932,196186000,112.136124,-0.0022033577565263585
2012-06-01,129.41000400000001,131.5,128.16000400000001,128.16000400000001,109.072281,253240900,111.88932,-0.025499377506719156
2012-06-04,128.389999,128.740005,127.139999,128.100006,109.02123300000001,202545800,109.072281,-0.0004681294734165675
2012-06-05,127.849998,129.259995,127.779999,129.070007,109.846779,164149400,109.02123300000001,0.007543815174686053
2012-06-06,129.970001,132.029999,129.929993,131.970001,112.314842,184202800,109.846779,0.022219540260095982
2012-06-07,133.470001,133.529999,131.779999,132.050003,112.382935,184772700,112.314842,0.0006060852314035969
2012-06-08,131.71000700000002,133.130005,131.28999299999998,133.100006,113.27654299999999,143915400,112.382935,0.007920010087718587
2012-06-11,134.169998,134.25,131.279999,131.41000400000001,111.838226,169756100,113.27654299999999,-0.012778695763425496
2012-06-12,131.78999299999998,133.009995,131.16000400000001,132.919998,113.123383,181931800,111.838226,0.01142569158121809
2012-06-13,132.529999,133.360001,131.619995,132.070007,112.39996299999999,172223900,113.123383,-0.006415499717237871
2012-06-14,132.33999599999999,134.0,131.979996,133.470001,113.59143799999998,230615500,112.39996299999999,0.010544525450259634
2012-06-15,133.380005,134.259995,133.100006,134.139999,114.753166,169444500,113.59143799999998,0.010175305245688548
2012-06-18,133.580002,134.729996,133.279999,134.399994,114.975594,131360900,114.753166,0.0019364407791613303
2012-06-19,135.080002,136.25,134.369995,135.699997,116.08771499999999,137382600,114.975594,0.009626189398514562
2012-06-20,135.71000700000002,136.100006,134.270004,135.479996,115.899506,206451800,116.08771499999999,-0.0016225811101255871
2012-06-21,135.639999,135.779999,132.330002,132.440002,113.298874,205272200,115.899506,-0.022694258274086998
2012-06-22,133.130005,133.71000700000002,132.619995,133.46000700000002,114.17141000000001,130029200,113.298874,0.007671685848901433
2012-06-25,132.050003,132.100006,130.850006,131.320007,112.340759,146375700,114.17141000000001,-0.016164172259299114
2012-06-26,131.699997,132.380005,130.929993,131.979996,112.90533400000001,141634000,112.340759,0.005012972032401919
2012-06-27,132.419998,133.429993,131.970001,133.169998,113.923378,108088000,112.90533400000001,0.008976384222225242
2012-06-28,132.28999299999998,132.990005,131.279999,132.78999299999998,113.598289,169242100,113.923378,-0.002857655057777464
2012-06-29,135.199997,136.270004,134.850006,136.100006,116.429924,212250900,113.598289,0.024621136742079663
2012-07-02,136.479996,136.649994,135.520004,136.509995,116.78066299999999,129524500,116.429924,0.003007918885301386
2012-07-03,136.479996,137.509995,136.33999599999999,137.41000400000001,117.550568,80450000,116.78066299999999,0.006571106779507119
2012-07-05,136.899994,137.800003,136.28999299999998,136.78999299999998,117.020164,126177500,117.550568,-0.004522345131850791
2012-07-06,135.470001,135.770004,134.850006,135.490005,115.908096,151192100,117.020164,-0.009548660601036651
2012-07-09,135.380005,135.570007,134.699997,135.320007,115.762634,103780500,115.908096,-0.0012557651898061906
2012-07-10,136.009995,136.229996,133.679993,134.139999,114.753166,167884800,115.762634,-0.008758397064109857
2012-07-11,134.21000700000002,134.600006,133.380005,134.16000400000001,114.770279,141733400,114.753166,0.00014911766448655328
2012-07-12,133.380005,134.229996,132.600006,133.509995,114.214226,143583200,114.770279,-0.0048566962466845
2012-07-13,133.860001,135.889999,133.83999599999999,135.75,116.130478,129642600,114.214226,0.016638508934214258
2012-07-16,135.440002,135.830002,134.899994,135.429993,115.856728,97525200,116.130478,-0.002360045036805758
2012-07-17,135.970001,136.639999,134.550003,136.360001,116.65230600000001,138860300,115.856728,0.006843442521206278
2012-07-18,136.03999299999998,137.639999,135.96000700000002,137.369995,117.516365,113349700,116.65230600000001,0.0073798336714672175
2012-07-19,137.649994,138.179993,137.21000700000002,137.729996,117.82436399999999,129847300,117.516365,0.002617474477578874
2012-07-20,136.949997,137.16000400000001,136.320007,136.470001,116.746422,142904500,117.82436399999999,-0.009190825561007365
2012-07-23,134.470001,136.380005,133.83999599999999,135.08999599999999,115.565903,145210900,116.746422,-0.010163293415869745
2012-07-24,135.190002,135.25,133.029999,133.929993,114.573517,173301200,115.565903,-0.008624269157954778
2012-07-25,134.21000700000002,134.559998,133.25,133.96000700000002,114.599205,129122300,114.573517,0.00022418025918113926
2012-07-26,135.889999,136.46000700000002,135.259995,136.169998,116.489746,156526500,114.599205,0.01636238488083297
2012-07-27,136.889999,139.070007,136.139999,138.679993,118.637009,236768900,116.489746,0.018265234825736165
2012-07-30,138.520004,139.33999599999999,138.270004,138.679993,118.637009,106782000,118.637009,0.0
2012-07-31,138.490005,138.869995,137.71000700000002,137.71000700000002,117.80718999999999,120575900,118.637009,-0.0070191817818345825
2012-08-01,138.699997,138.729996,137.399994,137.58999599999999,117.704544,138293800,117.80718999999999,-0.0008716848605043737
2012-08-02,136.550003,137.570007,135.580002,136.639999,116.891846,199556600,117.704544,-0.00692850602750994
2012-08-03,138.559998,139.639999,136.679993,139.350006,119.210197,157825000,116.891846,0.01963918215394944
2012-08-06,139.720001,140.169998,139.559998,139.619995,119.441185,86326200,119.210197,0.0019357782066444784
2012-08-07,140.179993,140.919998,140.029999,140.320007,120.039993,109545100,119.441185,0.005000887777153018
2012-08-08,139.850006,140.649994,139.809998,140.490005,120.18541,89754700,120.039993,0.001210671443950595
2012-08-09,140.28999299999998,140.889999,140.149994,140.610001,120.288124,90291700,120.18541,0.0008542645382876302
2012-08-10,140.03999299999998,140.889999,139.809998,140.83999599999999,120.48486299999999,99792700,120.288124,0.0016342285423069924
2012-08-13,140.600006,140.83999599999999,140.03999299999998,140.770004,120.424957,79426900,120.48486299999999,-0.000497331335308715
2012-08-14,141.28999299999998,141.380005,140.369995,140.78999299999998,120.44205500000001,102379400,120.424957,0.00014197045819397403
2012-08-15,140.639999,141.190002,140.550003,140.949997,120.57894099999999,71085900,120.44205500000001,0.0011358845659898975
2012-08-16,141.149994,142.16000400000001,140.800003,141.990005,121.468636,112014200,120.57894099999999,0.0073514390673743435
2012-08-17,142.229996,142.300003,141.860001,142.179993,121.631142,90813700,121.468636,0.0013369491781745069
2012-08-20,141.979996,142.220001,141.58999599999999,142.190002,121.639725,78255700,121.631142,7.056331988586351e-05
2012-08-21,142.53999299999998,143.08999599999999,141.449997,141.759995,121.271873,105581100,121.639725,-0.003028692612622841
2012-08-22,141.399994,142.050003,141.070007,141.820007,121.323227,133243500,121.271873,0.0004233721189512707
2012-08-23,141.470001,141.479996,140.440002,140.66000400000001,120.33085600000001,111466400,121.323227,-0.008213199348219291
2012-08-24,140.309998,141.830002,140.220001,141.509995,121.05801399999999,99481200,120.33085600000001,0.006024803045356464
2012-08-27,141.889999,142.080002,141.33999599999999,141.53999299999998,121.08368700000001,68785900,121.05801399999999,0.00021204939083396823
2012-08-28,141.179993,141.83999599999999,140.970001,141.399994,120.963867,75689600,121.08368700000001,-0.0009900534651743342
2012-08-29,141.520004,141.889999,141.119995,141.509995,121.05801399999999,65421300,120.963867,0.000778004074340366
2012-08-30,140.899994,140.940002,140.190002,140.490005,120.18541,96589900,121.05801399999999,-0.007234251538370096
2012-08-31,141.28999299999998,141.820007,140.360001,141.16000400000001,120.758591,151970400,120.18541,0.004757803297564145
2012-09-04,141.03999299999998,141.46000700000002,140.130005,141.029999,120.647377,120226200,120.758591,-0.0009213857369747558
2012-09-05,141.08999599999999,141.470001,140.630005,140.91000400000001,120.544731,100660300,120.647377,-0.000851155595828601
2012-09-06,141.759995,143.779999,141.75,143.770004,122.99136399999999,158272500,120.544731,0.020093245858388897
2012-09-07,144.009995,144.389999,143.880005,144.330002,123.470428,107272100,122.99136399999999,0.0038875364773671706
2012-09-10,144.190002,144.440002,143.46000700000002,143.509995,122.76898200000001,86458500,123.470428,-0.005697283772361672
2012-09-11,143.600006,144.369995,143.559998,143.91000400000001,123.11116799999999,88760000,122.76898200000001,0.002783357834390543
2012-09-12,144.389999,144.550003,143.899994,144.389999,123.521744,87640900,123.11116799999999,0.003329453283010153
2012-09-13,144.369995,147.03999299999998,143.990005,146.58999599999999,125.40383899999999,225470200,123.521744,0.015122036417531959
2012-09-14,146.880005,148.110001,146.759995,147.240005,125.959869,169777000,125.40383899999999,0.004424114454272932
2012-09-17,146.940002,147.190002,146.369995,146.740005,125.53215,119427800,125.959869,-0.0034014551562258077
2012-09-18,146.490005,146.809998,146.25,146.619995,125.42943600000001,98326600,125.53215,-0.0008185635688109372
2012-09-19,146.78999299999998,147.169998,146.41000400000001,146.699997,125.497948,128318300,125.42943600000001,0.000546070346012506
2012-09-20,146.029999,146.78999299999998,145.630005,146.71000700000002,125.50651599999999,154009800,125.497948,6.826970219453443e-05
2012-09-21,146.639999,146.669998,145.809998,145.869995,125.453979,108737500,125.50651599999999,-0.0004186874174560984
2012-09-24,145.149994,145.979996,145.03999299999998,145.649994,125.26483200000001,95682000,125.453979,-0.0015088380096388576
2012-09-25,145.96000700000002,146.240005,144.059998,144.100006,123.93175500000001,133165200,125.26483200000001,-0.010699100919098647
2012-09-26,144.070007,144.110001,142.949997,143.28999299999998,123.23508500000001,146502200,123.93175500000001,-0.005637259795349792
2012-09-27,143.889999,144.970001,143.509995,144.639999,124.39614099999999,111830300,123.23508500000001,0.009377367522391822
2012-09-28,144.08999599999999,144.559998,143.46000700000002,143.970001,123.81991599999999,150696100,124.39614099999999,-0.004642939236878085
2012-10-01,144.520004,145.690002,144.009995,144.350006,124.146782,135911200,123.81991599999999,0.0026363716737662912
2012-10-02,144.919998,145.149994,143.830002,144.5,124.27575700000001,113422200,124.146782,0.0010383519314096645
2012-10-03,144.889999,145.429993,144.130005,145.08999599999999,124.78318,121283100,124.27575700000001,0.004074727919351595
2012-10-04,145.639999,146.33999599999999,145.440002,146.130005,125.67763500000001,124311600,124.78318,0.007142504926981985
2012-10-05,146.91000400000001,147.16000400000001,145.699997,146.139999,125.686249,124842100,125.67763500000001,6.853808802009809e-05
2012-10-08,145.600006,146.119995,145.309998,145.639999,125.25621799999999,78415400,125.686249,-0.003427330782955984
2012-10-09,145.529999,145.649994,144.149994,144.199997,124.017746,148872900,125.25621799999999,-0.009936715174706734
2012-10-10,144.179993,144.320007,143.08999599999999,143.279999,123.22649399999999,124247500,124.017746,-0.006400591587527593
2012-10-11,144.279999,144.490005,143.330002,143.360001,123.295349,123601500,123.22649399999999,0.0005586117721056993
2012-10-12,143.46000700000002,143.949997,142.580002,142.889999,122.89111299999999,124181900,123.295349,-0.0032839853175365974
2012-10-15,143.229996,144.229996,142.770004,144.080002,123.91451299999999,107689100,122.89111299999999,0.00829321342584155
2012-10-16,144.759995,145.639999,144.66000400000001,145.53999299999998,125.170197,108815500,123.91451299999999,0.0100824706367737
2012-10-17,145.639999,146.320007,145.419998,146.199997,125.73782299999999,128834100,125.170197,0.004524582102733987
2012-10-18,145.820007,146.520004,145.330002,145.820007,125.41098000000001,148108500,125.73782299999999,-0.0026027851266823276
2012-10-19,145.550003,145.559998,143.050003,143.389999,123.32114399999999,185645200,125.41098000000001,-0.016804304520815272
2012-10-22,143.149994,143.669998,142.279999,143.41000400000001,123.33831,125578600,123.32114399999999,0.00013918785393673971
2012-10-23,141.860001,142.059998,140.830002,141.419998,121.62685400000001,192056300,123.33831,-0.01397328354086369
2012-10-24,141.929993,142.100006,140.800003,141.020004,121.282829,120179400,121.62685400000001,-0.00283253615720902
2012-10-25,142.020004,142.279999,140.570007,141.429993,121.635384,134457400,121.282829,0.002902666236366258
2012-10-26,141.300003,141.83999599999999,140.389999,141.350006,121.566643,146023500,121.635384,-0.0005652995797653659
2012-10-31,141.850006,142.029999,140.679993,141.350006,121.566643,103438500,121.566643,0.0
2012-11-01,141.649994,143.009995,141.520004,142.830002,122.83950800000001,100995600,121.566643,0.010416075888625365
2012-11-02,143.679993,143.720001,141.41000400000001,141.559998,121.747238,137702200,122.83950800000001,-0.008931614480822248
2012-11-05,141.350006,142.169998,140.929993,141.850006,121.996651,98378500,121.747238,0.0020465176630546367
2012-11-06,142.279999,143.520004,142.130005,142.96000700000002,122.951324,107068100,121.996651,0.007794943672540633
2012-11-07,141.66000400000001,141.679993,139.059998,139.720001,120.16475700000001,264304500,122.951324,-0.02292476109564756
2012-11-08,139.699997,140.41000400000001,137.929993,138.03999299999998,118.719872,181517300,120.16475700000001,-0.012097074862324142
2012-11-09,137.619995,139.440002,137.550003,138.16000400000001,118.823105,201055300,118.719872,0.0008691732991046308
2012-11-12,138.58999599999999,138.809998,137.96000700000002,138.270004,118.917709,97677500,118.823105,0.0007958583417098097
2012-11-13,137.53999299999998,139.25,137.360001,137.78999299999998,118.504883,123018300,118.917709,-0.0034775664149213625
2012-11-14,138.21000700000002,138.429993,135.619995,135.929993,116.905212,191505000,118.504883,-0.013590713877646543
2012-11-15,135.979996,136.490005,135.179993,135.699997,116.70740500000001,178128400,116.905212,-0.001693462021126635
2012-11-16,135.899994,136.639999,134.699997,136.369995,117.28364599999999,239483900,116.70740500000001,0.0049253350711699895
2012-11-19,137.899994,139.149994,136.41000400000001,139.130005,119.65733300000001,151495800,117.28364599999999,0.02003677391408054
2012-11-20,138.91000400000001,139.419998,138.080002,139.190002,119.70896100000002,119807400,119.65733300000001,0.00043137235354162584
2012-11-21,139.309998,139.570007,139.029999,139.449997,119.932556,81710800,119.70896100000002,0.0018660795314904277
2012-11-23,140.130005,141.399994,140.03999299999998,141.350006,121.566643,65409200,119.932556,0.013533063017170832
2012-11-26,140.649994,141.360001,140.190002,141.050003,121.308624,100124400,121.566643,-0.0021247045881045423
2012-11-27,140.91000400000001,141.389999,140.240005,140.330002,120.689423,128646200,121.308624,-0.0051174161029470255
2012-11-28,139.759995,141.53999299999998,139.0,141.46000700000002,121.66126299999999,177086500,120.689423,0.00802015645453924
2012-11-29,141.990005,142.509995,141.369995,142.119995,122.22885900000001,151085900,121.66126299999999,0.004654530655658462
2012-11-30,142.139999,142.419998,141.66000400000001,142.149994,122.25466200000001,136568300,122.22885900000001,0.00021108171209505144
2012-12-03,142.800003,142.919998,141.33999599999999,141.449997,121.652657,124656300,122.25466200000001,-0.004936352258044785
2012-12-04,141.440002,141.869995,140.869995,141.25,121.48060600000001,127512200,121.652657,-0.0014152816985673056
2012-12-05,141.369995,142.16000400000001,140.369995,141.5,121.695625,147300500,121.48060600000001,0.0017684216516702378
2012-12-06,141.369995,142.03999299999998,141.16000400000001,141.979996,122.10845900000001,103220600,121.695625,0.003386607703994571
2012-12-07,142.529999,142.690002,141.669998,142.41000400000001,122.47827099999999,108726400,122.10845900000001,0.0030239766630844045
2012-12-10,142.21000700000002,142.809998,142.149994,142.470001,122.52989199999999,98840700,122.47827099999999,0.00042138188484663885
2012-12-11,143.059998,144.110001,142.990005,143.440002,123.364098,152570400,122.52989199999999,0.006785112563439277
2012-12-12,144.0,144.550003,143.309998,143.509995,123.42433899999999,145880100,123.364098,0.000488199543939416
2012-12-13,143.419998,143.830002,142.270004,142.630005,122.66745800000001,135715000,123.42433899999999,-0.006151228084579685
2012-12-14,142.320007,142.580002,141.880005,142.100006,122.21167,137701700,122.66745800000001,-0.0037225592075627034
2012-12-17,142.470001,143.850006,142.429993,143.770004,123.64791899999999,143238200,122.21167,0.011683622704972585
2012-12-18,144.0,145.5,143.78999299999998,145.369995,125.023941,177762800,123.64791899999999,0.01106708289877556
2012-12-19,145.529999,145.580002,144.240005,144.28999299999998,124.095169,150895400,125.023941,-0.007456483793961688
2012-12-20,144.380005,145.139999,143.979996,145.119995,124.80896000000001,168487000,124.095169,0.005735485060800016
2012-12-21,142.169998,144.08999599999999,141.940002,142.78999299999998,123.676033,245883800,124.80896000000001,-0.009118738614212418
2012-12-24,142.479996,142.559998,142.190002,142.350006,123.294991,53874600,123.676033,-0.003085724763786324
2012-12-26,142.639999,142.71000700000002,141.350006,141.75,122.775291,106947700,123.294991,-0.004224002740125243
2012-12-27,141.78999299999998,142.080002,139.919998,141.559998,122.61071000000001,167920600,122.775291,-0.0013414051658022785
2012-12-28,140.639999,141.419998,139.869995,140.029999,121.28553000000001,148806700,122.61071000000001,-0.010866859125816752
2012-12-31,139.66000400000001,142.559998,139.53999299999998,142.41000400000001,123.346947,243935200,121.28553000000001,0.016853574139447325
