Date,DIA,QQQ,SPY
2011-01-03,,,
2011-01-04,0.0019730387639960156,-0.0007236621900030826,-0.0005512139196719446
2011-01-05,0.003423933147606917,0.008467608351415024,0.005183997676390106
2011-01-06,-0.0022246087528019487,0.003224383159547539,-0.0019603791281124217
2011-01-07,-0.0017996596412030996,-0.0008946634634767747,-0.0019644477359417323
2011-01-10,-0.0031788136156221114,0.0037518067174464598,-0.0012591708123359524
2011-01-11,0.003007471264493411,0.0014254671447453404,0.00353761738301106
2011-01-12,0.007266638395639902,0.00709695627829543,0.008984093824943251
2011-01-13,-0.001705209343758618,0.00035363433701496305,-0.0016345498822811777
2011-01-14,0.004172221487837469,0.007395799057133612,0.007218356074680798
2011-01-18,0.00457789583307644,0.002803142046297502,0.0017000944503067217
2011-01-19,-0.0005924904974472511,-0.011436760089318376,-0.009853839709131229
2011-01-20,-0.0003386695838942799,-0.007103629735115913,-0.0013264954590734845
2011-01-21,0.004094573092215725,-0.007693138752142836,0.0022618846432171935
2011-01-24,0.009242651387251222,0.013734526435361882,0.005670467277142599
2011-01-25,-0.0005856506116517224,0.0014160526354212166,0.0005420154719537607
2011-01-26,0.0010041301375007805,0.005293045178429878,0.0038635433239049277
2011-01-27,0.00025032536099800495,0.006139692218872561,0.002464760585964676
2011-01-28,-0.013632704254837869,-0.025685363922284044,-0.017617280532424395
2011-01-31,0.004902077979101804,0.004833134224901059,0.0074883847586937335
2011-02-01,0.012485229346189008,0.01857625404688168,0.015881761916550552
2011-02-02,8.3476850656794e-05,-0.0015787854018123326,-0.0019137132061386453
2011-02-03,0.0022453379214937286,0.0017543506398207676,0.0022197321082204624
2011-02-04,0.0026548051764585523,0.005591999112845247,0.0028252381708808727
2011-02-07,0.005453575259212862,0.004694691498724257,0.006232576823042457
2011-02-08,0.006489102723652884,0.006569485201019187,0.004536458631490881
2011-02-09,0.0011453541467094652,-0.0017247160669784378,-0.0022654792512435407
2011-02-10,-0.0008998273426295,0.0015527316808063851,0.0003780078015855892
2011-02-11,0.003921092135835913,0.0072126743807423566,0.0059525122039580936
2011-02-14,-0.00032640807052874976,0.0023927793458127233,0.0024010675564056783
2011-02-15,-0.003349065211021518,-0.0013667467133333666,-0.003152591802624727
2011-02-16,0.005548944643642528,0.006474959289334503,0.006295618070184972
2011-02-17,0.0022763928731217575,-0.0003396682168230747,0.0029837092327786863
2011-02-18,0.006004958175228836,-0.0022110355588247366,0.0020835727072014976
2011-02-22,-0.013932100611037335,-0.029373381562276535,-0.02027404493308982
2011-02-23,-0.008568064323299929,-0.00827572531051013,-0.0061631487353981385
2011-02-24,-0.003564890899312445,0.005290381761629881,-0.000687343289694553
2011-02-25,0.005961472374169219,0.013798261769401243,0.010636089542537697
2011-02-28,0.008302966545175039,0.002079223469247715,0.006177516041218745
2011-03-01,-0.014679481219038948,-0.016229377768027575,-0.01681360558375644
2011-03-02,0.0006641782279741548,0.005264040865203601,0.0021363405371825905
2011-03-03,0.015732877395143063,0.019583021509698373,0.017077539968502364
2011-03-04,-0.007300291056148822,-0.005161541788967217,-0.007520210225961499
2011-03-07,-0.006276274376976865,-0.013546769496112887,-0.007881962540628784
2011-03-08,0.010548161067749362,0.004013618806866681,0.008711783706198517
2011-03-09,0.0001638856021690671,-0.006815133818429686,-0.0014342227796007023
2011-03-10,-0.018863929894305187,-0.015728823558622818,-0.018679026668271703
2011-03-11,0.005746435334089917,0.006215055852975215,0.006902153754777096
2011-03-14,-0.004744463806706456,-0.0035467544488918534,-0.00605589512933058
2011-03-15,-0.011918957744111225,-0.014314365792769124,-0.011523578793656952
2011-03-16,-0.019353388104336844,-0.024444415363461758,-0.018686237645189507
2011-03-17,0.013085536994946523,0.009190985539760721,0.013148434979613377
2011-03-18,0.006837935669537387,-0.002256366743789595,0.0036305114165449126
2011-03-21,0.015104908166283515,0.019100162848853408,0.01537906110345233
2011-03-22,-0.0012499468220621424,-0.0018032899373534583,-0.003474544763958143
2011-03-23,0.005902905572537698,0.005579868315377379,0.002857621027255064
2011-03-24,0.0068572284950843,0.01761469378104019,0.009517739318122942
2011-03-25,0.004107853221777091,0.0024661338143907585,0.003051680908166432
2011-03-28,-0.0016411676442169565,-0.0054690035987481345,-0.0024405992512877006
2011-03-29,0.006140633134259943,0.009682458639320934,0.006696202735674284
2011-03-30,0.005698456996467094,0.004718700741461301,0.006877458384884072
2011-03-31,-0.0015436632407306305,0.0013942224416880755,-0.0013566584594881803
2011-04-01,0.0035697243570007586,0.0005221338937930753,0.0042147573408533034
2011-04-04,0.0024268655478572043,-0.003311948658956787,0.000825733769124426
2011-04-05,-0.0008886187727217276,-0.0026226979065469003,-0.00014987888779494085
2011-04-06,0.004196118703703178,0.002447849881860531,0.0031473265480750356
2011-04-07,-0.002095404752297192,-0.0006986013112455502,-0.0025471808480341807
2011-04-08,-0.002100713951405986,-0.004729657854627423,-0.003456319843459177
2011-04-11,-8.103708204387772e-05,-0.00334210258132428,-0.003015180037940546
2011-04-12,-0.009590054720965746,-0.006894670633769362,-0.007501977174761976
2011-04-13,0.0007353543729458067,0.008479514883873218,-7.616227550943933e-05
2011-04-14,0.0013858332380740634,-0.001760875500052439,0.0007604317109297654
2011-04-15,0.004735743979385809,-0.0017639039195742612,0.003641886351998913
2011-04-18,-0.011839903529278217,-0.007085544439027647,-0.011271854804133064
2011-04-19,0.005324585550533278,0.00620253132444093,0.005727858661791707
2011-04-20,0.01580689538931157,0.022363401432159424,0.013539713531262265
2011-04-21,0.0036126811799608305,0.00791574817856322,0.005096153227448497
2011-04-25,-0.0019249619149830366,0.0025678472815950926,-0.001047139901452887
2011-04-26,0.009190663759157225,0.005626149206579889,0.008568232707427903
2011-04-27,0.007845482914029311,0.006777285340056505,0.006507744276424532
2011-04-28,0.005745286416040329,-0.001520719159744388,0.0032376581625861434
2011-04-29,0.00485375528356613,-0.0008461673038859807,0.002348386451850537
2011-05-02,-0.0015632253043706967,-0.0018634052190411587,-0.001540541090673031
2011-05-03,-0.0001559587130977036,-0.004759771574999405,-0.0036035693499796295
2011-05-04,-0.006672407083406107,-0.0015344627007150002,-0.006652908844961836
2011-05-05,-0.010530295396161016,-0.005475664569368099,-0.00908947251586234
2011-05-06,0.005001869935989056,0.0032547959939939197,0.004406118182891383
2011-05-09,0.0034783245233382942,0.00375533127608918,0.003867382105114281
2011-05-10,0.005823011650901044,0.008483469579938507,0.008499967096673444
2011-05-11,-0.008984862524875403,-0.007291199648927993,-0.010580708971834163
2011-05-12,0.005369333627838202,0.005938797458000522,0.00474914951136185
2011-05-13,-0.008144288143106415,-0.011913093893225923,-0.007728975319190923
2011-05-16,-0.003897782831837837,-0.017442833054178042,-0.006361439090604826
2011-05-17,-0.0052735976461049106,0.0027835817324972645,-0.0001498945844824462
2011-05-18,0.007185058380701825,0.008304706756242286,0.008896014966291332
2011-05-19,0.0037318401419756952,0.0029246508756362033,0.0023786696174603605
2011-05-20,-0.007301942342722967,-0.007587616366635963,-0.007976283513680293
2011-05-23,-0.010710506529132857,-0.014822959026438376,-0.011668946917978928
2011-05-24,-0.0017818421534698814,-0.006167786408000087,-0.0008332310627379158
2011-05-25,0.0028341485118268395,0.0038813709505269856,0.0033289841725130387
2011-05-26,0.0012126333667925593,0.006144197788904737,0.004597155894066063
2011-05-27,0.0034670554425861866,0.005062317895533575,0.0038270713706740622
2011-05-31,0.010171135894732508,0.016063691155112636,0.010357493999960887
2011-06-01,-0.02256373645718668,-0.022001369295845397,-0.022717093298891378
2011-06-02,-0.003265038304944845,0.002099490186434405,-0.0010621053392680935
2011-06-03,-0.00804484929488325,-0.015146408296378588,-0.009994497040393568
2011-06-06,-0.004875395521469983,-0.008196658586024697,-0.010637586110728847
2011-06-07,-0.001990142427337638,-0.0017909911762754582,-0.0006199179654009512
2011-06-08,-0.0015779916027636176,-0.007195638202480481,-0.004196111752365006
2011-06-09,0.0067934188682778895,0.0018037744426444569,0.00760215702076561
2011-06-10,-0.01455398440789768,-0.015436195486806081,-0.014008183167951493
2011-06-13,0.0007536568089667739,0.0,0.0007832854219040897
2011-06-14,0.010326454498689408,0.012729769800208679,0.0126062783400398
2011-06-15,-0.015193621990681194,-0.019155973018029737,-0.017945349344134165
2011-06-16,0.005452919405808387,-0.0038759554959630904,0.0022021565408207877
2011-06-17,0.003497016365690442,-0.003136734721535195,0.002979644966568884
2011-06-20,0.006658875868067682,0.005191864637785315,0.0051028892152436
2011-06-21,0.00867314527241625,0.02122666767735293,0.013610886336218542
2011-06-22,-0.006435644388735007,-0.007268647668434269,-0.006043734634282316
2011-06-23,-0.0040645298701003085,0.009258587405297725,-0.00287967713123205
2011-06-24,-0.009351743376397437,-0.01749982586452825,-0.011681600566921801
2011-06-27,0.008354343707980938,0.015872007893120266,0.008871913825727162
2011-06-28,0.011661628597932072,0.014732659392733716,0.012968387468006881
2011-06-29,0.006883697887469786,0.004093336808055348,0.008527658081389333
2011-06-30,0.011206849426731225,0.013233901668743275,0.00951686555912179
2011-07-01,0.014033461937033032,0.014961929330365109,0.014668124308938602
2011-07-05,-0.0007167144041142492,0.004995274845702724,-0.0008218271960549473
2011-07-06,0.004769476893907054,0.003259149612756307,0.0011952590650770034
2011-07-07,0.007978593952985058,0.013608195237791776,0.010321649567687885
2011-07-08,-0.005601907084926694,-0.00270693543067857,-0.00711733573149953
2011-07-11,-0.011458588193089092,-0.01829269160250835,-0.018245870014149013
2011-07-12,-0.004974285110506571,-0.007620331369893041,-0.004328478955150317
2011-07-13,0.0037728837305337493,0.004163597902799854,0.0033429471142509826
2011-07-14,-0.004738998309238518,-0.011667303346967195,-0.006926290347533559
2011-07-15,0.0037162464787305893,0.0132246473982498,0.005787930700446253
2011-07-18,-0.0075748589265698385,-0.005373578242658716,-0.008234781679198555
2011-07-19,0.016127771848402972,0.02251137650005841,0.016101113183723648
2011-07-20,-0.001353646632134442,-0.004256773283174642,-0.0006029983153847951
2011-07-21,0.012436762408307267,0.006633343299325745,0.01377607925491997
2011-07-22,-0.003391229062840395,0.010287516262101892,0.0006687238079114977
2011-07-25,-0.0066567748371006985,-0.0020155020683993996,-0.005588346154151047
2011-07-26,-0.007422809398498487,0.0025187573138230057,-0.003743356742376136
2011-07-27,-0.016070308267806865,-0.026165168840802888,-0.020687994203394844
2011-07-28,-0.0045687264014011575,0.001719673172463132,-0.002913789575028858
2011-07-29,-0.0094493676609817,-0.003270369876346102,-0.006858099839313958
2011-08-01,-0.00016502230890491631,-0.004665885513587487,-0.00426149781390972
2011-08-02,-0.02212414023363518,-0.025615559751916983,-0.025879698935018958
2011-08-03,0.0028661997405379225,0.009550960560522181,0.00540418983257851
2011-08-04,-0.043790120018159406,-0.04758511294080359,-0.0479740166530096
2011-08-05,0.004737779378426232,-0.006296577039922369,-0.0014977122496331319
2011-08-08,-0.055609488701271026,-0.06207682893142197,-0.06734090391916503
2011-08-09,0.03901724247409799,0.04710374261781691,0.04545085614742472
2011-08-10,-0.047380797980539846,-0.041781174760594286,-0.04518356236784982
2011-08-11,0.03736402057986954,0.04310049780085867,0.043905571694793366
2011-08-12,0.013836549347407079,0.008812252092766037,0.00671068024240018
2011-08-15,0.01766216969694856,0.014639360103764876,0.02094400001138297
2011-08-16,-0.006378186937108232,-0.008498262981840643,-0.008575908948389888
2011-08-17,0.0015760838549301326,-0.005954337527755094,0.0006688375370895727
2011-08-18,-0.03735987638418958,-0.05033130968148258,-0.04407566741026692
2011-08-19,-0.016004753247684356,-0.01822193300081887,-0.016465724041424323
2011-08-22,0.003607316660386495,0.003591593095607859,0.0007991226941657104
2011-08-23,0.02795297115382045,0.0403994420271494,0.032380328261274016
2011-08-24,0.014087333870374863,0.00781191595822861,0.013986225314735812
2011-08-25,-0.015076288567263063,-0.0164565526389997,-0.015361164186791676
2011-08-26,0.012860026694275994,0.024772529376701602,0.01442904038903059
2011-08-29,0.021419623326235815,0.027475412650243225,0.02833121356681101
2011-08-30,0.0018219992186807588,0.006570506094145223,0.002633260442026497
2011-08-31,0.005187762263201279,0.001635703562234525,0.00442813880156212
2011-09-01,-0.009357551815610599,-0.009122246445416149,-0.010528239090009883
2011-09-02,-0.02280607066653051,-0.023739757984827303,-0.0258819056441979
2011-09-06,-0.009574335388164101,0.00018724005178594183,-0.0073242866219169755
2011-09-07,0.024251564676629478,0.02501786274042095,0.02781715548826913
2011-09-08,-0.009435909587820035,-0.0045860524662364455,-0.01044593222427892
2011-09-09,-0.027393726454906897,-0.022498070295116968,-0.026559342315965573
2011-09-12,0.006263245551450858,0.012705897151050749,0.006449230973131215
2011-09-13,0.0037031280675901,0.013279307668470963,0.009129393185826729
2011-09-14,0.013254950478107652,0.014189735449942287,0.01374885920064628
2011-09-15,0.01641258673819923,0.014703442979851378,0.01711039293414185
2011-09-16,0.007076763749290116,0.009124471092457842,0.005900946953800279
2011-09-19,-0.009974518683015354,0.00035336682608111403,-0.01000693704574207
2011-09-20,0.0014058282468827343,-0.004426046766956571,-0.0011644231972756103
2011-09-21,-0.026065852418978963,-0.017541034574142245,-0.02990092777125497
2011-09-22,-0.0355963207499288,-0.03304259339051718,-0.03285834403936505
2011-09-23,0.003542702322904212,0.010582181273751434,0.0060068893466525
2011-09-26,0.025633857969684648,0.01156705116147494,0.023501859799795355
2011-09-27,0.013246651610253402,0.010351487161986306,0.011121513362186697
2011-09-28,-0.016972592171248024,-0.014925730493327016,-0.02062958079876598
2011-09-29,0.014013641991024173,-0.011991467907579434,0.007872343137640847
2011-09-30,-0.022241753358880345,-0.02613660205408941,-0.02530673243119974
2011-10-03,-0.023876207871791344,-0.026055691146477766,-0.028870421999077855
2011-10-04,0.012705916090316016,0.02032380326266381,0.0216857836391382
2011-10-05,0.014378359820070408,0.02535093372501196,0.018345982888108736
2011-10-06,0.01642692006392643,0.016673677632757844,0.01792960243808306
2011-10-07,-0.0006301032911055771,-0.006636033539179298,-0.006718303165359707
2011-10-10,0.028328790426553674,0.034000082387292796,0.03289851050080461
2011-10-11,-0.0017527060463455868,0.006770019169112018,0.0010028882429287123
2011-10-12,0.008558873352290775,0.004959160696282883,0.008733815336065653
2011-10-13,-0.0028741072023210634,0.009145532352225594,-0.0019894533238504764
2011-10-14,0.014545859136156913,0.01838728061882522,0.016949437237197884
2011-10-17,-0.021196113724117893,-0.015590169933884734,-0.019275680429455377
2011-10-18,0.01403603058119618,0.012319176855152492,0.019357291245829522
2011-10-19,-0.004859827727635491,-0.019502459066151,-0.011899555372912651
2011-10-20,0.0033008063796460263,-0.00493592425031375,0.004365927478835019
2011-10-21,0.023220137632998572,0.012468393888349194,0.018809430001070382
2011-10-24,0.008701752084951941,0.020555034128464378,0.012186103177699081
2011-10-25,-0.017737062953417038,-0.01985704397828103,-0.019635012676657126
2011-10-26,0.01377608533529262,-0.001221778736959056,0.010107371377099383
2011-10-27,0.02937564690925054,0.027214563666775327,0.03424187123373379
2011-10-28,0.0008198326840851422,0.0015285405387026607,-0.0002332607997104219
2011-10-31,-0.022372156925190012,-0.01693935763383836,-0.024400973309385954
2011-11-01,-0.02511627891420254,-0.0264025713310172,-0.02828488312945332
2011-11-02,0.014925337129032101,0.008468537052964464,0.016180012358344875
2011-11-03,0.017287958369283984,0.0205190497727874,0.0180631105892326
2011-11-04,-0.004921217342451989,-0.0051767875236214955,-0.006117518548344414
2011-11-07,0.007081888901564248,0.00706831924841822,0.006196825876619627
2011-11-08,0.009420372967589685,0.011444502353495256,0.012749078519136425
2011-11-09,-0.03260086862474143,-0.03578923646431553,-0.037608088770104686
2011-11-10,0.010144659703196446,-0.0005283075687896321,0.009374626196136937
2011-11-11,0.021962463083788464,0.018669557275238002,0.01864732999984664
2011-11-14,-0.006770472723600207,-0.006242627534846612,-0.009519369379047404
2011-11-15,0.0013247401645033463,0.011070888025747294,0.0049296709612445255
2011-11-16,-0.014751973148675823,-0.016652683521573675,-0.015989976549919405
2011-11-17,-0.010720201619967895,-0.023717834859341203,-0.016004468842218067
2011-11-18,0.001572100482319705,-0.007731785175346673,-0.0010649349704507927
2011-11-21,-0.022070950230735242,-0.01931903237375865,-0.01920268816612758
2011-11-22,-0.0036543219882236855,0.0033070754469983754,-0.003935602346910372
2011-11-23,-0.021227540306345993,-0.022819001598056055,-0.02231275713581571
2011-11-25,-0.0016924707807479678,-0.00772359426760838,-0.0018893748071446836
2011-11-28,0.026053058713076283,0.03420418441035267,0.02855518509687993
2011-11-29,0.003988360136650826,-0.006233110554424659,0.00283626736141418
2011-11-30,0.039284193258597,0.03629559315759723,0.04032557913575374
2011-12-01,-0.0004993016707075526,0.0068923715690223375,-0.00016000471058763566
2011-12-02,-0.0005830228228536072,-0.002821776531672704,-0.00088081673879703
2011-12-05,0.007385384880689294,0.010890461335067325,0.010833454458456515
2011-12-06,0.0036313945646302415,-0.0027989915148967093,0.00031689068825446753
2011-12-07,0.005585918599290807,0.0,0.003715494364674221
2011-12-08,-0.01760262288976211,-0.01696168530323172,-0.02218053846766388
2011-12-09,0.015224460806113171,0.015910023562842213,0.016800312510335758
2011-12-12,-0.012726586609432822,-0.011287760247273848,-0.014705076570181497
2011-12-13,-0.006089702516583806,-0.011057521314570273,-0.009382747485300769
2011-12-14,-0.01000697257471117,-0.01572576770555445,-0.01070325206439282
2011-12-15,0.004132365235008706,-0.002736395891134169,0.0036078092377573867
2011-12-16,-0.0019771359346654194,0.005135472875602343,0.0014815982457596633
2011-12-19,-0.007301228249178671,-0.009892301701970752,-0.01074923420095164
2011-12-20,0.027896061721056853,0.029208478930053072,0.029811364476991287
2011-12-21,0.0010768321643768175,-0.01440672056318304,0.0019343905717459364
2011-12-22,0.00594210140146334,0.008488941975763442,0.008820079339348474
2011-12-23,0.009010497993260813,0.008596332324750655,0.00890091924475822
2011-12-27,0.0003262557892185214,0.0037231368893748673,0.0007908610215308087
2011-12-28,-0.01164337223287415,-0.011625188830703514,-0.01321036692235733
2011-12-29,0.010419781596850974,0.00716993246926112,0.010280924423200943
2011-12-30,-0.005483530506760204,-0.0028618539483020733,-0.004927963585597439
2012-01-03,0.014502291738814677,0.018984167603403268,0.01581048496009707
2012-01-04,0.0027466863484102433,0.004209025288164359,0.001567555662860265
2012-01-05,-0.00016122311759758645,0.008191719235859374,0.0026589057571060337
2012-01-06,-0.0033945676963016425,0.003465683359480387,-0.0025807158046546874
2012-01-09,0.0010518443925153775,-0.0032922624358868724,0.00242473288458811
2012-01-10,0.005805706217929085,0.007262826404651701,0.008632939213851998
2012-01-11,-0.0007236813350832705,0.002065465599105032,0.0005419104877528724
2012-01-12,0.0019287710502160493,0.003946716802784245,0.0023963109042970387
2012-01-13,-0.0029751343377020234,-0.0036029025645323287,-0.005186577713232943
2012-01-17,0.0036981606003969603,0.009068316415521416,0.003873271449219118
2012-01-18,0.007992029490555552,0.013198058948898694,0.010995445063699094
2012-01-19,0.004368947703427217,0.006200290357410321,0.005262491539301806
2012-01-20,0.007565782727543713,-0.001504368632612163,0.003720417987469027
2012-01-23,-0.0011819721797676763,0.0003343353650517855,-0.0025799427513035766
2012-01-24,-0.003000634762471144,-0.0018413914627144479,-0.0011404752361654502
2012-01-25,0.006464675373223372,0.012488684710704412,0.008332804220900769
2012-01-26,-0.0014939704233620787,-0.00348099106027977,-0.005142999704006002
2012-01-27,-0.004813073385601996,0.0029846597149552068,-0.0004549372650686223
2012-01-30,-0.0017413063167310838,0.000827160398949367,-0.003419671240163069
2012-01-31,-0.0012682585769789867,0.0013224754412934914,-0.00038059147831859264
2012-02-01,0.006641016204875783,0.00806278939123306,0.008719008987348786
2012-02-02,-0.000551955241208546,0.0031087647166474497,0.0015841206158819787
2012-02-03,0.011990540609932765,0.013629788463688008,0.01392101285749181
2012-02-06,-0.001949663588336037,-0.0008058934887600344,-0.000668981328316498
2012-02-07,0.0030398498891521797,0.0020945010960753407,0.0025255766463931906
2012-02-08,0.0015548747757376802,0.005297643367765836,0.0029632198682190136
2012-02-09,0.0003881626842305863,0.007178603507351333,0.001256773682904111
2012-02-10,-0.007092164802855905,-0.0070185951630064025,-0.007415008144952218
2012-02-13,0.005771017359955444,0.009241314696569525,0.007415008144952218
2012-02-14,0.0005440976683734888,0.0025347417969232566,-0.001256773682904111
2012-02-15,-0.006237209368636698,-0.00698511495361398,-0.004670785623403617
2012-02-16,0.009419173712348794,0.013607650980845598,0.011012254456202797
2012-02-17,0.0038146184579739284,-0.00314825956729603,0.0026425995953207604
2012-02-21,0.000927966481135023,0.0028338981431694776,0.00043989204900451995
2012-02-22,-0.0016247475368071918,-0.004569596546244448,-0.0032296807229199587
2012-02-23,0.003401368044032793,0.006611070176891332,0.004401136102402781
2012-02-24,0.0003080608530634521,0.003445762409786113,0.0021930971559118717
2012-02-27,0.0003090270943602036,0.0014062111790478227,0.001678501011375566
2012-02-28,0.0015413905049106447,0.010097016540726145,0.002912349635876943
2012-02-29,-0.004399259266627098,-0.004492185284369121,-0.003933516356227962
2012-03-01,0.0021635388661280786,0.007886789044992959,0.005167990403372791
2012-03-02,-0.00015472537952820886,-0.0007705722709863139,-0.003053984146579758
2012-03-05,-0.0010038650258437087,-0.010382218802399201,-0.004086521488284589
2012-03-06,-0.015338613142279911,-0.009861278739030865,-0.014733248836989787
2012-03-07,0.0061013628763042504,0.007678230309860368,0.006951792860046879
2012-03-08,0.005366176685660307,0.01071337644820236,0.009899709346523622
2012-03-09,0.0017826819161417262,0.004161492571093106,0.0038601665669917296
2012-03-12,0.002397551229631034,0.00046147570529253557,7.290636214651869e-05
2012-03-13,0.017002599343046043,0.018430131823733653,0.017865239646016384
2012-03-14,0.0015180381041002278,0.003465328854907135,-0.0010716994043935557
2012-03-15,0.004010384485622076,0.0028533767870015936,0.005772829960966064
2012-03-16,-0.000794670433306166,-0.0007061967127119928,0.001383780887515229
2012-03-19,0.00015122122294020102,0.0070405689229922075,0.003912390919495579
2012-03-20,-0.005237878445369937,0.0017897697650539612,-0.002915352136430016
2012-03-21,-0.002972730376418653,0.00014897862104756854,-0.0016385032577925784
2012-03-22,-0.0062800935111582135,-0.002088146373370847,-0.0072300542942898005
2012-03-23,0.003297927814124968,-0.000597277716900102,0.00322781810568884
2012-03-26,0.011344802722635272,0.017327406986581195,0.013937561733466275
2012-03-27,-0.0031852796094256064,0.0014667860044701442,-0.0031119459391177884
2012-03-28,-0.0052539793835757465,-0.003965944521910458,-0.004971058099218162
2012-03-29,0.0011444879962443366,-0.003834392833731215,-0.0017102605784762304
2012-03-30,0.0050964042909145135,-0.0019225141691894265,0.0041278937241608915
2012-04-02,0.0037866589856916377,0.010309123808535325,0.007288252132394035
2012-04-03,-0.004773571889274741,-0.0002928854268491321,-0.004097731689594042
2012-04-04,-0.008849362662827431,-0.013723988666716203,-0.009960378298440098
2012-04-05,-0.0009192089806848713,0.006221061981202425,-0.0005003364013660416
2012-04-09,-0.009787925434598499,-0.00755933818294352,-0.011294586679266416
2012-04-10,-0.01647570755345562,-0.016199566575721747,-0.01692753493832644
2012-04-11,0.006590964909124253,0.004827068325848671,0.008061504054775348
2012-04-12,0.014521150743349587,0.011372498249873075,0.012981231695612827
2012-04-13,-0.010227795442220966,-0.01529236354175989,-0.011959606024189995
2012-04-16,0.00520441345607825,-0.011243295876768755,-0.0006565672713589876
2012-04-17,0.014384168492711957,0.020117153597796644,0.014703756501984522
2012-04-18,-0.006051641888284998,-0.0025488651261609263,-0.003385666920595831
2012-04-19,-0.004697887584199201,-0.011323185991082063,-0.006441201403308838
2012-04-20,0.004541186336001424,-0.002736803894123341,0.0016685548177486353
2012-04-23,-0.00741277011010677,-0.00917747444290029,-0.00844428966903532
2012-04-24,0.00541146338765941,-0.005392313234985124,0.003793957643639878
2012-04-25,0.0070664567631109065,0.02622465026011067,0.013599084202470912
2012-04-26,0.009219928292964141,0.005852124577633511,0.006944774326148817
2012-04-27,0.0011368728354694824,0.0059662863913558795,0.001639598091411898
2012-04-30,-0.0015159626581793262,-0.007163882713839165,-0.00371088580281409
2012-05-01,0.005522746069379636,0.0016459769001313518,0.006200669353672694
2012-05-02,-0.0009808264160557911,0.002837669742893567,-0.0029886742550235823
2012-05-03,-0.004466217983681631,-0.010644102482804563,-0.007654710075402527
2012-05-04,-0.01313536031751994,-0.025182401970844204,-0.016290025210961012
2012-05-07,-0.0019234011055253575,0.0009269921579591056,0.0007299835811220845
2012-05-08,-0.005870645265008356,-0.003713000499816488,-0.0040200142661541705
2012-05-09,-0.005749510138551628,-0.003104597603134529,-0.00594929426533497
2012-05-10,0.0007788770420047442,-0.002023232285584875,0.002060696033504783
2012-05-11,-0.002026189578376858,-0.00015584737018947692,-0.0030191605158123025
2012-05-14,-0.00964234900572336,-0.009392535889181985,-0.011122637874725783
2012-05-15,-0.005054167144422195,-0.0033084089585369014,-0.005758102963392631
2012-05-16,-0.0010294465708451384,-0.006808719671563601,-0.0038320239845548443
2012-05-17,-0.012841647219975272,-0.021357760326915276,-0.014942154201670554
2012-05-18,-0.006740813948179714,-0.013069887954833881,-0.008595555799362664
2012-05-21,0.012091032563744442,0.027572077525351624,0.017042117663954137
2012-05-22,0.00016013622006827433,-0.0011202505749094982,0.0017412625847592622
2012-05-23,-0.000961654092496822,0.0019198038329699685,0.0005297298276119022
2012-05-24,0.0032820650912883664,-0.006575335360637702,0.001963466986634188
2012-05-25,-0.006896900677281437,-0.001288011052354321,-0.0032496339376519856
2012-05-29,0.010726440333260534,0.012647408723659659,0.012039071978056093
2012-05-30,-0.012901920652083732,-0.008467039278628796,-0.014616388137529412
2012-05-31,-0.002341437815252867,-0.0043410834343138305,-0.0022033577565263585
2012-06-01,-0.021985939287945122,-0.026947316312345926,-0.025499377506719156
2012-06-04,-0.0019022576507001787,0.007585793393153573,-0.0004681294734165675
2012-06-05,0.0025626032269414623,0.00409895675550942,0.007543815174686053
2012-06-06,0.023183280251105387,0.022647485071650486,0.022219540260095982
2012-06-07,0.004749182836242483,-0.00400679223885092,0.0006060852314035969
2012-06-08,0.00728157863157719,0.009589115802124404,0.007920010087718587
2012-06-11,-0.011627588529392163,-0.0170037235337821,-0.012778695763425496
2012-06-12,0.012902600378692064,0.012060541464816055,0.01142569158121809
2012-06-13,-0.005589643574014147,-0.006897042229780048,-0.006415499717237871
2012-06-14,0.011781114471640208,0.00369549338204056,0.010544525450259634
2012-06-15,0.009389043083438686,0.012347317656314694,0.010175305245688548
2012-06-18,-0.001650793009068785,0.009323093736703925,0.0019364407791613303
2012-06-19,0.007288625047835673,0.01032698149270228,0.009626189398514562
2012-06-20,-0.0007809493279236079,0.0007780565205859347,-0.0016225811101255871
2012-06-21,-0.019890005805144106,-0.025202030010795795,-0.022694258274086998
2012-06-22,0.006277952501339001,0.010472946971441743,0.007671685848901433
2012-06-25,-0.011713802932102446,-0.019446118315328498,-0.016164172259299114
2012-06-26,0.002561776275592287,0.0062578463914828575,0.005012972032401919
2012-06-27,0.007407999810014054,0.006059427876363266,0.008976384222225242
2012-06-28,-0.0016683069758025582,-0.01119109658768025,-0.002857655057777464
2012-06-29,0.020846407248838794,0.03102496538328925,0.024621136742079663
2012-07-02,-0.0007011667426208845,0.0029571373574208693,0.003007918885301386
2012-07-03,0.006135920959351893,0.008356549994124052,0.006571106779507119
2012-07-05,-0.002868614778066103,0.000615867875646714,-0.004522345131850791
2012-07-06,-0.009440396134234419,-0.012553274521024171,-0.009548660601036651
2012-07-09,-0.0025903699673364144,-0.0018730194951546153,-0.0012557651898061906
2012-07-10,-0.007019144447619752,-0.009892587168531364,-0.008758397064109857
2012-07-11,-0.0034884252651368186,-0.005538332544415603,0.00014911766448655328
2012-07-12,-0.0027040432486904464,-0.009406381186406243,-0.0048566962466845
2012-07-13,0.016193976015902223,0.015102259713358102,0.016638508934214258
2012-07-16,-0.003925732798635728,-0.0028438838899340624,-0.002360045036805758
2012-07-17,0.005491393116415111,0.005207867207608352,0.006843442521206278
2012-07-18,0.008879170712102535,0.0134463062807475,0.0073798336714672175
2012-07-19,0.002788000631230858,0.010966036339556062,0.002617474477578874
2012-07-20,-0.008322356566473843,-0.0132985441923541,-0.009190825561007365
2012-07-23,-0.008864512852755801,-0.012216249518439248,-0.010163293415869745
2012-07-24,-0.008308075311342478,-0.007910191287015422,-0.008624269157954778
2012-07-25,0.005151306469532102,-0.006693298920528612,0.00022418025918113926
2012-07-26,0.016229976572049942,0.013184411997823275,0.01636238488083297
2012-07-27,0.015128262024848738,0.02339466037272686,0.018265234825736165
2012-07-30,-0.0010729452607263212,-0.0007711139668362677,0.0
2012-07-31,-0.005459940165995825,-0.00030829989738467845,-0.0070191817818345825
2012-08-01,-0.0018520297015038878,-0.002936520652067287,-0.0008716848605043737
2012-08-02,-0.007054465051637315,-0.003566488632960052,-0.00692850602750994
2012-08-03,0.01689384189084908,0.018772839818326226,0.01963918215394944
2012-08-06,0.0012987884673831829,0.00759294383055753,0.0019357782066444784
2012-08-07,0.003661376504674685,0.008286384600226349,0.005000887777153018
2012-08-08,0.0012925752995815998,-0.00045038026073651594,0.001210671443950595
2012-08-09,0.00015239333802785637,0.0029977935431331204,0.0008542645382876302
2012-08-10,0.0027322141078975903,0.0005982637736785534,0.0016342285423069924
2012-08-13,-0.002352408235311465,0.0023904400003935677,-0.000497331335308715
2012-08-14,0.0003038479739556621,0.00044733577163924565,0.00014197045819397403
2012-08-15,0.0004554764464330674,0.002532154771249573,0.0011358845659898975
2012-08-16,0.00643245410282578,0.011831157682503424,0.0073514390673743435
2012-08-17,0.001503845158218553,0.004400895591716747,0.0013369491781745069
2012-08-20,-0.0003018576456792488,0.0014625074221594758,7.056331988586351e-05
2012-08-21,-0.004618906299533876,-0.003953904932931351,-0.003028692612622841
2012-08-22,-0.0022793333184667475,0.004100300412726909,0.0004233721189512707
2012-08-23,-0.008325304190718974,-0.008217386360316326,-0.008213199348219291
2012-08-24,0.007640668584645738,0.006169098758048719,0.006024803045356464
2012-08-27,-0.0024386673287164484,0.0016096253203832234,0.00021204939083396823
2012-08-28,-0.001527377062922497,0.0,-0.0009900534651743342
2012-08-29,0.0004588022464586672,0.0,0.000778004074340366
2012-08-30,-0.007667900879448908,-0.010139190907897166,-0.007234251538370096
2012-08-31,0.007361965038910512,0.006623857851135284,0.004757803297564145
2012-09-04,-0.004978525263118705,-0.0010273493213501794,-0.0009213857369747558
2012-09-05,0.0010743798411372296,-0.0010284538336753357,-0.000851155595828601
2012-09-06,0.018618153394600157,0.02195686619056847,0.020093245858388897
2012-09-07,0.0009026967897396432,-0.0014394555580965473,0.0038875364773671706
2012-09-10,-0.0034659532998437825,-0.01290138888017367,-0.005697283772361672
2012-09-11,0.004593797516897702,-0.0016062232586264713,0.002783357834390543
2012-09-12,0.002101907685299942,0.002918250446390047,0.003329453283010153
2012-09-13,0.015032286901742964,0.01346000777232259,0.015122036417531959
2012-09-14,0.003465339345904539,0.008873187159282203,0.004424114454272932
2012-09-17,-0.0024319554817759936,0.0004275543960252648,-0.0034014551562258077
2012-09-18,0.0005903900768906567,0.0008541892231814785,-0.0008185635688109372
2012-09-19,0.000884264705909743,0.0018484140234331647,0.000546070346012506
2012-09-20,0.001619701081134295,-0.000994582582710457,6.826970219453443e-05
2012-09-21,-0.0014680345425706065,0.0002848506065378231,-0.0004186874174560984
2012-09-24,-0.0011077486601465125,-0.005861690069082215,-0.0015088380096388576
2012-09-25,-0.007268781808856595,-0.014151805794123895,-0.010699100919098647
2012-09-26,-0.003280534263307544,-0.008177915312795214,-0.005637259795349792
2012-09-27,0.005214480936452048,0.013689131153827638,0.009377367522391822
2012-09-28,-0.004094662704825502,-0.008278414031939185,-0.004642939236878085
2012-10-01,0.0054310089358748925,-0.001459430739509493,0.0026363716737662912
2012-10-02,-0.0022286260327231133,0.002916876817136149,0.0010383519314096645
2012-10-03,0.001486190551247546,0.006386947297629675,0.004074727919351595
2012-10-04,0.006217755396722424,0.003466605002558687,0.007142504926981985
2012-10-05,0.0032413206066213007,-0.00534928938052559,6.853808802009809e-05
2012-10-08,-0.002282299686367395,-0.009175288672127913,-0.003427330782955984
2012-10-09,-0.007845394791829996,-0.01607584547258778,-0.009936715174706734
2012-10-10,-0.009780481102153793,-0.005067498795951586,-0.006400591587527593
2012-10-11,-0.0011260321418120611,-0.003143135896854332,0.0005586117721056993
2012-10-12,0.0,-0.00045012677866917983,-0.0032839853175365974
2012-10-15,0.006662874187645329,0.007321780135909783,0.00829321342584155
2012-10-16,0.00950503945913006,0.014044312460467445,0.0100824706367737
2012-10-17,0.0009606412991916002,-0.0005875318035748478,0.004524582102733987
2012-10-18,-0.0005164730613680391,-0.011671666130724567,-0.0026027851266823276
2012-10-19,-0.01538045579276126,-0.024217119746507976,-0.016804304520815272
2012-10-22,-7.461868800895388e-05,0.005163055502672265,0.00013918785393673971
2012-10-23,-0.017890419542723635,-0.009588326821834414,-0.01397328354086369
2012-10-24,-0.001837431838452197,-0.003523621991921466,-0.00283253615720902
2012-10-25,0.002143539289408025,0.0,0.002902666236366258
2012-10-26,7.64236795296469e-05,0.002911736067971127,-0.0005652995797653659
2012-10-31,-0.001453777168507031,-0.006139773932344106,0.0
2012-11-01,0.010511173288695552,0.014065515427201802,0.010416075888625365
2012-11-02,-0.00997522957194974,-0.010683995718697048,-0.008931614480822248
2012-11-05,0.001529167009207022,0.006576491593696332,0.0020465176630546367
2012-11-06,0.00897674567504847,0.0018276662927760867,0.007794943672540633
2012-11-07,-0.021432668308711378,-0.02386771448470615,-0.02292476109564756
2012-11-08,-0.009796175800548035,-0.015864454192104027,-0.012097074862324142
2012-11-09,-0.000546955428674778,0.004265727696948218,0.0008691732991046308
2012-11-12,0.0009377781531441087,-0.0001578292954249605,0.0007958583417098097
2012-11-13,-0.003991421448724886,-0.006961721860202275,-0.0034775664149213625
2012-11-14,-0.01397607113884547,-0.011819388681763243,-0.013590713877646543
2012-11-15,-0.0019899034692301143,-0.003379999770708686,-0.001693462021126635
2012-11-16,0.0032932941301764274,0.004343599441120283,0.0049253350711699895
2012-11-19,0.01603330246656931,0.023477998810723655,0.02003677391408054
2012-11-20,0.000626764157577675,0.0003135973290975258,0.00043137235354162584
2012-11-21,0.003439112271253819,0.0020355054302862996,0.0018660795314904277
2012-11-23,0.013486489660309076,0.015059006602864855,0.013533063017170832
2012-11-26,-0.00285232510929756,0.004305173091917247,-0.0021247045881045423
2012-11-27,-0.006506787602983621,-0.003381066068153693,-0.0051174161029470255
2012-11-28,0.007432833813172834,0.00858360809998171,0.00802015645453924
2012-11-29,0.0038493368588294885,0.005934720922728509,0.004654530655658462
2012-11-30,-0.00030758620041204665,-0.001670117047968489,0.00021108171209505144
2012-12-03,-0.004236488396730742,-0.001977864099421467,-0.004936352258044785
2012-12-04,-0.0012353321227100977,-0.000609210125945836,-0.0014152816985673056
2012-12-05,0.006547608349511513,-0.011185244773137981,0.0017684216516702378
2012-12-06,0.0038311570383511295,0.006450638102498019,0.003386607703994571
2012-12-07,0.006253184387393418,-0.00598841936986183,0.0030239766630844045
2012-12-10,0.0013668144322060982,0.0029217680656907774,0.00042138188484663885
2012-12-11,0.005752190142382041,0.012968220991139923,0.006785112563439277
2012-12-12,7.551471358979711e-05,-0.0021239908057149037,0.000488199543939416
2012-12-13,-0.005220353594799221,-0.00793064179145464,-0.006151228084579685
2012-12-14,-0.00273459342997473,-0.009538632746362019,-0.0037225592075627034
2012-12-17,0.0074265820494945345,0.01320643655564524,0.011683622704972585
2012-12-18,0.008346345142059342,0.015140215158900183,0.01106708289877556
2012-12-19,-0.006988409113120042,-0.004366984522273576,-0.007456483793961688
2012-12-20,0.004289286642976897,0.0,0.005735485060800016
2012-12-21,-0.007461510663224757,-0.010572629044638404,-0.009118738614212418
2012-12-24,-0.006240985210935968,-0.001995826100433362,-0.003085724763786324
2012-12-26,-0.0012231041164332268,-0.008798536336986906,-0.004224002740125243
2012-12-27,-0.0016061237480053947,-0.0015513181035409218,-0.0013414051658022785
2012-12-28,-0.011784747398082551,-0.009674234565818729,-0.010866859125816752
2012-12-31,0.011631155463460274,0.02094579821352216,0.016853574139447325
2013-01-02,0.02413582440173645,0.03128765991287974,0.025307316789983325
2013-01-03,-0.0010467603529713543,-0.0052218162286745695,-0.002262281173218028
2013-01-04,0.0032125022674964754,-0.0032963413182196533,0.0043821295837291885
2013-01-07,-0.00411073482957125,0.000300174184381774,-0.0027364404061644976
2013-01-08,-0.003376752271000427,-0.0019522339115383147,-0.0028814383570754387
2013-01-09,0.004873508777897939,0.003750985368031756,0.0025387404819712245
2013-01-10,0.006187893724122873,0.005972775582788081,0.007918493474389443
2013-01-11,0.00133743400918096,0.0013392044917690527,-6.79737020456983e-05
2013-01-14,0.0012605714958242586,-0.004470459503728819,-0.0006803212029833361
2013-01-15,0.0014078143867699566,-0.004940446211703531,0.0006803212029833361
2013-01-16,-0.0014078143867699566,0.004044051072629173,-0.00013644805372692304
2013-01-17,0.006944970511148618,0.004772039884066714,0.006439769622344826
2013-01-18,0.002979947808186445,-0.0022339972328584423,0.0022275041940273965
2013-01-22,0.004765120230354469,0.0016385875907038994,0.005378571825417566
2013-01-23,0.005252034096415059,0.00608444384667628,0.0016082533819083977
2013-01-24,0.004065345893778272,-0.013854857209220306,0.00026792875169068253
2013-01-25,0.004337488641052545,0.005087479203972123,0.005606104165781112
2013-01-28,0.0002162720129277318,0.0022362164553086927,-0.0011987898452856527
2013-01-29,0.004174901924337782,0.00014884776181744996,0.0039237499193003345
2013-01-30,-0.003381391898217956,-0.00208696598167446,-0.0039237499193003345
2013-01-31,-0.0025255512537754043,-0.002240188529985865,-0.002468393831065896
2013-02-01,0.00956302649604357,0.011744272937271205,0.01023474848564021
2013-02-04,-0.008407757850341646,-0.017593617947554208,-0.01130399046199404
2013-02-05,0.005900134602681462,0.014633739933819001,0.01004668644334128
2013-02-06,0.0013622355005873388,-0.0032667258113274755,0.0007280902396153976
2013-02-07,-0.0020794576885734273,0.0008919928184836223,-0.0013235497723220746
2013-02-08,0.003153215329431802,0.010200381160968774,0.005548594576500143
2013-02-11,-0.0015038458679885736,0.0002941865653278697,-0.00019789759071553448
2013-02-12,0.0037918339270586188,-0.0041257439712207855,0.0016458980609925788
2013-02-13,-0.0012869321418289559,0.0035374905955745106,0.0008548753029060663
2013-02-14,-7.06609701408567e-05,-0.0002945343330731376,0.0009198539505561598
2013-02-15,-0.000380163591858107,-0.0029476405089896573,-0.0011827294318758064
2013-02-19,0.0037221082377953962,0.007206419338765535,0.007466495113867211
2013-02-20,-0.007818009983711072,-0.015506350814277425,-0.012541504147669968
2013-02-21,-0.0026680648419326047,-0.010773650250773592,-0.006097669081202461
2013-02-22,0.009341695153834095,0.010029409925472521,0.009725649245607926
2013-02-25,-0.015497100059508107,-0.01243937589784938,-0.019210375720853712
2013-02-26,0.008103059769275944,0.0037627939220525874,0.006822008140666469
2013-02-27,0.013028936316494821,0.010164621449538558,0.012519890287483015
2013-02-28,-0.002278128849162897,-0.0020839819188624986,-0.0019770428064491696
2013-03-01,0.003273707852766705,0.00416401413276013,0.0032925489685506903
2013-03-04,0.002341723806059015,0.004442431985656192,0.005310821703834456
2013-03-05,0.00896254766502036,0.014667559922201256,0.008919069324235807
2013-03-06,0.00350620342970398,-0.0024785347456042217,0.0013602279347306734
2013-03-07,0.0020985515618212602,0.0026235171223163434,0.0018109106016970244
2013-03-08,0.004321972966684129,0.001164201083285299,0.004255190590333413
2013-03-11,0.004164504556460891,0.0029042348357100067,0.0037881101188181887
2013-03-12,0.000277271135612267,-0.003631432836799675,-0.0022455457089147757
2013-03-13,0.00041536752882720407,-0.0013106237430564605,0.0014121670696320976
2013-03-14,0.00600452529915696,0.0033456694704181444,0.005309627372811931
2013-03-15,-0.001434621379440948,-0.0027838081176883023,-0.0013210559249641207
2013-03-18,-0.004498873631051836,-0.0021918738209354416,-0.00553405292914011
2013-03-19,0.0009015565056591512,-0.0019034180056705097,-0.0023257691933800118
2013-03-20,0.0035273517507645735,0.0070105613624686924,0.006960913738113028
2013-03-21,-0.0063724929128916585,-0.01141752147092756,-0.00857953693872826
2013-03-22,0.006994152043658275,0.009669153845752732,0.008001233418492681
2013-03-25,-0.004773125157770508,-0.003651362654886192,-0.0041860932422963515
2013-03-26,0.007392203599310143,0.005399730280061021,0.007970776463921858
2013-03-27,-0.002205453091091769,0.001308705539726951,0.0
2013-03-28,0.0024807031395388535,0.002468229073493866,0.0030685111142414456
2013-04-01,0.0004130521348253424,-0.006837954491135001,-0.0039648974403352355
2013-04-02,0.0061030056866755444,0.007852046522481615,0.0049219407871161636
2013-04-03,-0.007755858611169231,-0.00916702194063923,-0.01019063604498438
2013-04-04,0.004330902798071357,0.0002921145790724111,0.004050280646913151
2013-04-05,-0.003159226553285599,-0.00836443910164153,-0.004501656214262795
2013-04-08,0.004393552111653598,0.005291173307748309,0.006744801021753233
2013-04-09,0.003829746070207918,0.006720368519164133,0.00345063981255489
2013-04-10,0.008631399785946847,0.019322894161018844,0.012174356037699674
2013-04-11,0.004186625979063052,-0.00042858923087951695,0.0032719722660505823
2013-04-12,0.00013401706029458893,-0.0007148674616539452,-0.002452888124185648
2013-04-15,-0.017741354405345966,-0.019928632370699972,-0.02344664100614846
2013-04-16,0.010574631839133986,0.013186001987192775,0.014655065899572328
2013-04-17,-0.009615066329300426,-0.019771079394299562,-0.014719290261322016
2013-04-18,-0.005289025182536378,-0.013897479106403487,-0.006273678146471617
2013-04-19,0.000695436467154309,0.013603928694748468,0.00865614511118995
2013-04-22,0.001240010270226577,0.010227919968855304,0.004428401732925025
2013-04-23,0.01013241543020893,0.009548736594727103,0.010256227240547311
2013-04-24,-0.002387024066580423,-0.00043212316631979775,0.0006334169583857019
2013-04-25,0.0021148139740514438,0.005316009213478523,0.004045620734223654
2013-04-26,0.0008175822222478146,-0.0031576295592472547,-0.0017680767018113386
2013-04-29,0.0066495751499200395,0.009157556597697791,0.00667626775911323
2013-04-30,0.0010818965687073856,0.007237416981318745,0.0023829279119027547
2013-05-01,-0.008685862353051022,-0.004677298292936172,-0.008806183200921858
2013-05-02,0.008280390381711022,0.01256496912593974,0.009244561473776614
2013-05-03,0.009417461347471345,0.011715229550138595,0.01008937892422157
2013-05-06,0.0004682197322338766,0.0038749925347172365,0.002537362025486267
2013-05-07,0.0055392688309519045,-0.0005528303767645681,0.005056360231384005
2013-05-08,0.004515153949184558,0.004825506296447735,0.004540748087896063
2013-05-09,-0.0006628324492474746,-0.0013764687030572986,-0.002820153809286019
2013-05-10,0.0013252258426428298,0.0060418928118757265,0.003248500261538112
2013-05-13,-0.0011923146911323457,0.001231222262521925,0.0007953273650516124
2013-05-14,0.008382863634436077,0.005182010359956912,0.0102806558616102
2013-05-15,0.004263417005115677,0.0020378139396104444,0.005371762959049953
2013-05-16,-0.0021620225074627797,-0.0010863348495462333,-0.00470632303760965
2013-05-17,0.00733435968700924,0.009601834728743874,0.009630582643955776
2013-05-20,-0.0006536845653224432,-0.001481580198486654,-5.98834549165872e-05
2013-05-21,0.0030663705944986575,0.001077669916132784,0.0014366129012408635
2013-05-22,-0.004373851930210115,-0.008790063359627176,-0.007445080446751184
2013-05-23,-0.00045805977829349587,-0.0023121650376962677,-0.0028970258179752406
2013-05-24,0.0,-0.0005444708252930752,-0.0008468282097977564
2013-05-28,0.007239368484638575,0.006517253580015314,0.005971137415025751
2013-05-29,-0.006781308706345079,-0.004747924431518946,-0.0065155694843230805
2013-05-30,0.0016992038753347316,0.005288975761378545,0.003685393516625446
2013-05-31,-0.01314896437977442,-0.009239980366192668,-0.014456182658129535
2013-06-03,0.007975629557916974,0.0017729846997349696,0.0054912533199118485
2013-06-04,-0.00440814980281079,-0.00519193707230059,-0.004818463596970801
2013-06-05,-0.01548444385254566,-0.013099283940888995,-0.014099792838639935
2013-06-06,0.0062754987718509625,0.004845874804954242,0.0090120798742932
2013-06-07,0.013683194581813218,0.013581404372584593,0.012640372856378868
2013-06-10,-0.0007228792343116908,0.0004089723273734691,0.0
2013-06-11,-0.006657487433263221,-0.009992736383189538,-0.010369015782777602
2013-06-12,-0.008901806742474427,-0.011623380222047786,-0.008311654122797663
2013-06-13,0.01259903004952978,0.012585940328078138,0.015094185075906097
2013-06-14,-0.007274863535744913,-0.0066189243046252955,-0.006292509247782796
2013-06-17,0.007406011423660708,0.009637644571481196,0.007692320712840761
2013-06-18,0.008659230596153478,0.00818818805113608,0.007874578131615628
2013-06-19,-0.013215365506995091,-0.011206908317991982,-0.013913354381977605
2013-06-20,-0.023505354233887665,-0.024064260028069384,-0.025090374594238796
2013-06-21,0.003077862847986168,-0.005324413691360164,0.0032050228529154623
2013-06-24,-0.00986369770870521,-0.009988603054167378,-0.012716331397021108
2013-06-25,0.006949594962967431,0.0072869963097081936,0.009568079268348129
2013-06-26,0.010064127177099813,0.008929985222138725,0.009852356743482282
2013-06-27,0.0074319587745401705,0.004223771158949674,0.005852663647256229
2013-06-28,-0.00904639846953792,0.0014043599010840069,-0.004105924817501716
2013-07-01,0.005839288247817542,0.006154385253139161,0.00584279814259947
2013-07-02,-0.003284356378583375,0.0004181442346187225,-0.0009300711391997396
2013-07-03,0.004086932819989286,0.004034382947120108,0.0004339896074485594
2013-07-05,0.009848606907001844,0.007606878875205503,0.010730973062582194
2013-07-08,0.006600028764617072,0.0009636820560396941,0.005688794647111806
2013-07-09,0.005052219034689109,0.006038526318849158,0.007171472548901825
2013-07-10,-0.0005236374397297183,0.005729930612432987,0.00036306451603262957
2013-07-11,0.010876554535718341,0.019666555946624698,0.01352924196753591
2013-07-12,-0.0013613923171451603,0.00439228181266671,0.00041732648070436085
2013-07-15,0.0030442292015004924,0.0022550270638337366,0.0038136807138737794
2013-07-16,-0.0022010797172393737,-0.0013259258431554954,-0.0037536907389181806
2013-07-17,0.0009063405749953901,0.0025176129711450557,0.002563827738054414
2013-07-18,0.005811099754907012,-0.0025176129711450557,0.0054625545545405885
2013-07-19,-9.117552080617486e-05,-0.01040308577235649,0.0017751169187976146
2013-07-22,-6.388268330415059e-05,0.002945003160280457,0.0019488240225911113
2013-07-23,0.001610418174212036,-0.007378956795454528,-0.002126325804716167
2013-07-24,-0.0016754550732409612,0.0032268606241752096,-0.0036720449612577255
2013-07-25,0.00012891958233307577,0.006288795750010401,0.0024297662966557
2013-07-26,0.00025847311718152355,0.005321383033344951,0.001065049623855785
2013-07-29,-0.0014835232520367114,-0.0018590664732700546,-0.003079749677644905
2013-07-30,-0.0001289647256852433,0.005302698798320904,0.0
2013-07-31,-0.0004516732176016447,0.0018490311838617046,0.0007117263392917295
2013-08-01,0.006757943781305009,0.01011143866596953,0.011491892916736468
2013-08-02,0.00198650019703539,0.005602114592663021,0.0016975308317572768
2013-08-05,-0.0026284149864874706,0.0006493597069452406,-0.001463447537505047
2013-08-06,-0.006051801533925705,-0.005990352250476505,-0.005698284297301903
2013-08-07,-0.0020037151552054766,-0.0018302565568504292,-0.0032460500813478177
2013-08-08,0.0009701009930207505,0.004960425940819135,0.0036581579464778358
2013-08-09,-0.003756639394469019,-0.004044724641573794,-0.00288965830957455
2013-08-12,-0.0005193859829466518,0.0023503556060111563,-0.0011821181308890871
2013-08-13,0.0026584004197420796,0.005592754134793765,0.0029521130525322903
2013-08-14,-0.007278565341965582,-0.0037684601084855274,-0.005142697264343354
2013-08-15,-0.014452988547630774,-0.017069716049846306,-0.014084398629747419
2013-08-16,-0.0015734556813722378,-0.0003973627055335882,-0.0033110959849596
2013-08-19,-0.005062397190537915,-0.001724040490271861,-0.006412866888142688
2013-08-20,6.647958671379683e-05,0.004370180634667875,0.004903987961924372
2013-08-21,-0.007439513812295573,-0.0034414675898322145,-0.006179339306661369
2013-08-22,0.005099235663593049,0.009764082332317514,0.009073689828959175
2013-08-23,0.0028744551344175306,0.006674029842190343,0.0033667303920408287
2013-08-26,-0.004146547826496594,0.0005215006148704404,-0.003727789170363316
2013-08-27,-0.011526322448539794,-0.020678851663740616,-0.016214914861590657
2013-08-28,0.0036536934557176437,0.0038517401887769864,0.0035444649837126363
2013-08-29,0.0014181205906007577,0.007002027570447211,0.0015851345019335383
2013-08-30,-0.0027013092690957308,-0.006471515439618436,-0.003172569054899377
2013-09-03,0.0017562603657426124,0.005681215774944626,0.004511871603426698
2013-09-04,0.0071978320673151686,0.010615383569190229,0.008238783463447419
2013-09-05,-0.0004015448919973963,0.0016931792225634013,0.001266310980249763
2013-09-06,-0.00020148816230847189,0.0011706761922507525,0.0004819853259707685
2013-09-09,0.009213174390350964,0.01163092220066364,0.009530365849100164
2013-09-10,0.00873516519177997,0.00487078023435128,0.007369847121483808
2013-09-11,0.008919220599888256,-0.0019200552069094101,0.003133563773552339
2013-09-12,-0.0007839328891563468,-0.0006402792292545811,-0.002659672256082324
2013-09-13,0.00430410995847641,0.0006402792292545811,0.0022463884732930595
2013-09-16,0.008099942571328178,-0.002693723619094257,0.005770816379011556
2013-09-17,0.0022569258388180913,0.006657479374051256,0.004452902010103621
2013-09-18,0.008974711172784033,0.011922825441486928,0.011507375643352802
2013-09-19,-0.002364097281840394,0.0023929079359552574,-0.001677317133221834
2013-09-20,-0.011059542493262242,-0.003437820918477996,-0.007016054214560974
2013-09-23,-0.003831537399688223,-0.0020273615599553096,-0.004638045866449225
2013-09-24,-0.004237308103055781,0.0,-0.002356709697060033
2013-09-25,-0.004190615882628812,-0.0034307272592855043,-0.0028945855443467394
2013-09-26,0.003471207679353938,0.00773464561418713,0.003837977590915642
2013-09-27,-0.004850031597300131,-0.0012640567614043974,-0.00460736544530338
2013-09-30,-0.00798103760611557,-0.002406075423193599,-0.005342510647587062
2013-10-01,0.004097718281566465,0.010091227459619212,0.007885251658314552
2013-10-02,-0.004230616205786575,-0.0003767650668686784,-0.0009455444992898521
2013-10-03,-0.00871444702146107,-0.011744545368822301,-0.009263718094996598
2013-10-04,0.0050655392588385695,0.008601153994463928,0.007548513666597145
2013-10-07,-0.00955153832676281,-0.008347397372386212,-0.008682631602844104
2013-10-08,-0.009913912522243606,-0.019492385814356084,-0.01171481449068068
2013-10-09,0.0016924631528416612,-0.0031132325712990294,0.0007250445246285153
2013-10-10,0.021289794885574587,0.020953299618206245,0.021328694582233965
2013-10-11,0.007983258843857755,0.00785624529776019,0.006422495799320416
2013-10-14,0.004132115414988036,0.007043019060508193,0.00398595254320977
2013-10-15,-0.009601271540208067,-0.003892785637757079,-0.007280234799512009
2013-10-16,0.014302032364019723,0.011260243619231503,0.013869040732594762
2013-10-17,-0.00026064800159186774,0.005705887587729386,0.006660952742950421
2013-10-18,0.0018899004920669427,0.01607550869539498,0.006731673245908176
2013-10-21,-0.0004559833031851923,0.0021888864600780877,5.734381412469958e-05
2013-10-22,0.004678570174150742,0.00145626738396043,0.0057747941842718475
2013-10-23,-0.0027913751472121717,-0.006082702654930827,-0.004800341314445511
2013-10-24,0.006350938022015029,0.004383251315468684,0.0033170209413082574
2013-10-25,0.004189817660772199,0.0071422085011745295,0.00455706363183328
2013-10-28,-0.0005141995705342239,0.0002415437820229016,0.001589887307654969
2013-10-29,0.0072466196204157285,0.0016868696160434737,0.00531985482988695
2013-10-30,-0.0040339435948979485,-0.0009636451714429839,-0.004979135551933744
2013-10-31,-0.003727715026487388,-0.0022921710731385048,-0.0028408138648341463
2013-11-01,0.0036636983839839488,0.0002413737292847884,0.0023869885984009187
2013-11-04,0.0012827271722812839,0.001448129437706669,0.0035121517830329907
2013-11-05,-0.0010903474167891503,0.0010842651288962557,-0.0031720846671658975
2013-11-06,0.00849545369601934,-0.00024067296229546287,0.005092893702499879
2013-11-07,-0.00875253117078234,-0.01897393311277895,-0.012724026596628413
2013-11-08,0.010468313128709106,0.013416640634543064,0.013401151380221243
2013-11-11,0.0007615587971550042,-0.0015762791356710437,0.00016931064556402475
2013-11-12,-0.00152335173726037,0.0015762791356710437,-0.0020323040328644737
2013-11-13,0.004374516098807568,0.012042464617220361,0.007992330210665699
2013-11-14,0.004229755846150596,0.003106947193031395,0.004977215927501888
2013-11-15,0.00546396869842436,0.0019077352517449242,0.00434148544593338
2013-11-18,0.0008784203794762746,-0.009814519146702061,-0.003505354646419434
2013-11-19,-0.000689770727001715,-0.0028910279241358694,-0.0021761586112694076
2013-11-20,-0.003520854756727587,-0.002415172794007603,-0.0031328398912950917
2013-11-21,0.006841592114890105,0.010106037420069214,0.00803635107399625
2013-11-22,0.0033718384061636186,0.005372020967899793,0.004989912941501196
2013-11-25,0.0013089691630279177,0.00237869424090853,-0.0009960694888295762
2013-11-26,-0.0006854072925648325,0.005212344905222821,0.0002767900536913004
2013-11-27,0.00217799227355453,0.006947484066127885,0.0024321228872850043
2013-11-29,-0.0008078703608447313,0.0059666889877538765,-0.0006627009654325278
2013-12-02,-0.004990585718248397,-0.0029205099222755493,-0.0026000094216609426
2013-12-03,-0.005831823081339671,-0.0008190070575535557,-0.0043300198484139685
2013-12-04,-0.0014479960743880582,0.0009358532300884903,-0.00011118215640326667
2013-12-05,-0.004039278051005013,-0.0012874500766795194,-0.004405023701996136
2013-12-06,0.012818782847312526,0.00723555102833906,0.011114861374323048
2013-12-09,0.0004374971833147612,0.0040611091838202995,0.0025390977469843534
2013-12-10,-0.0031881219243663494,-0.0006947910765555676,-0.003589588463893456
2013-12-11,-0.008867030466550574,-0.012946994997780514,-0.01129465395743079
2013-12-12,-0.005320258636336561,-0.0025861373760118767,-0.003306896704427409
2013-12-13,0.0011419058551052075,-0.001295675609402025,-0.0001119953176242916
2013-12-16,0.007898019240281329,0.005524151380909004,0.0062123266276366
2013-12-17,-0.0007559447036236122,-0.0019947843506216145,-0.003185108450537655
2013-12-18,0.018594267190042757,0.011559814391805645,0.016928250398889233
2013-12-19,0.0007421378880332341,-0.0027901135459940107,-0.001156480696803186
2013-12-20,0.003245903773978931,0.01013192107055172,0.005799992270651089
2013-12-23,0.0037574187048514673,0.01046528299390026,0.0053283418814213945
2013-12-24,0.0033154839020044236,0.00045751576037567077,0.0021891350839648993
2013-12-26,0.007935884258793102,0.003310981003907365,0.005071040482988565
2013-12-27,6.126384377580507e-05,-0.0025107160141324414,-5.437654391471369e-05
2013-12-30,0.0007287784582112877,-0.0014867513654905906,-0.00016307349634292478
2013-12-31,0.005332336084881817,0.0065016166680349485,0.004721695246816537
2014-01-02,-0.008252667964673499,-0.007875540537028769,-0.009629852071343592
2014-01-03,0.0017046591646572296,-0.007245236949053435,-0.00016418110118721074
2014-01-06,-0.003045874504572943,-0.0037003130181032517,-0.0029022122852842003
2014-01-07,0.006567708232358527,0.0092252354321527,0.0061230364967270745
2014-01-08,-0.0037650993553528522,0.00217866176581083,0.00021832780973252142
2014-01-09,-0.0009745265666500913,-0.0033269353312475047,0.0006533664568513231
2014-01-10,-6.0081622219598785e-05,0.0032123132541244104,0.002718945367766956
2014-01-13,-0.011886742762026614,-0.014886703931662026,-0.013394357190226636
2014-01-14,0.007430048124128064,0.01888790626334913,0.010838830013763179
2014-01-15,0.006828549578772325,0.008181092126493539,0.00537548898145257
2014-01-16,-0.003591205264336317,0.00011276374070590123,-0.001300597905011358
2014-01-17,0.0014216798671196074,-0.005673174537155212,-0.004238309267744711
2014-01-21,-0.0021360788527875485,0.007595199345710846,0.002936300252113888
2014-01-22,-0.0015891186933316703,0.0025935270896884077,0.0006513146593638552
2014-01-23,-0.010824683743074992,-0.003384467701624594,-0.008226775052362356
2014-01-24,-0.020176745921459016,-0.019861231759607634,-0.02156683012873284
2014-01-27,-0.0029065429557268985,-0.009731193114073555,-0.004931710422983571
2014-01-28,0.005805105094775165,-0.0005822191267679244,0.005937147824830014
2014-01-29,-0.011643988823514917,-0.010774571407990763,-0.009651570032597867
2014-01-30,0.006787971540364701,0.018316959349683692,0.010544911547861524
2014-01-31,-0.009018725547655926,-0.002662547189514086,-0.005876006356904995
2014-02-03,-0.020755749252655775,-0.023218528008509765,-0.022762208603780643
2014-02-04,0.0035755381506170636,0.007328734671321335,0.006979868042335191
2014-02-05,0.0006490795220353007,-0.002594505589808449,-0.0012548279622475178
2014-02-06,0.012632625202567915,0.012671965714060818,0.013100888269805822
2014-02-07,0.010448287524399191,0.01768099406570034,0.012319757600403491
2014-02-10,-0.0001898841028697973,0.005711135354705021,0.0018347073453366392
2014-02-11,0.012661316964476477,0.011325149056176542,0.010884588237014547
2014-02-12,-0.00031358866000985586,0.0019124749070194014,0.0004944519584837437
2014-02-13,0.0036253100442085184,0.0073908664749691155,0.005149282655708021
2014-02-14,0.008077310351251477,0.002006307986160749,0.0055039714624491864
2014-02-18,-0.001114134661219346,0.004887129652306754,0.001194700171986085
2014-02-19,-0.005529595002715659,-0.006893437638467503,-0.006643662129143024
2014-02-20,0.004909384214612622,0.004675068034126539,0.005883434453639147
2014-02-21,-0.00040401117382149465,-0.001333584593847803,-0.0011412416359064537
2014-02-24,0.005272247419930487,0.005323429517966716,0.005531587173294383
2014-02-25,-0.0009897685339899098,-0.00110692529273404,-0.0003787622000626101
2014-02-26,0.0021021115120642975,-0.000886054582451834,5.418326522832473e-05
2014-02-27,0.004377743322703687,0.0064669300414852415,0.005233662033522712
2014-02-28,0.002887288930327969,-0.0011064478990547855,0.0025259963049490963
2014-03-03,-0.00943018460835976,-0.007443979898520858,-0.007057121347084916
2014-03-04,0.013164709116018969,0.01263313767726082,0.013958279211012226
2014-03-05,-0.0017124906117853556,0.0027493443178512322,0.0009056278723482691
2014-03-06,0.004519451992472057,-0.0008788658028189289,0.0022877463295092326
2014-03-07,0.001522569102098359,-0.0049584614167352825,0.0004249600749215432
2014-03-10,-0.002131752589069613,0.0008834083062234654,-0.0005313215423550233
2014-03-11,-0.003482247446042308,-0.004313328992100018,-0.004955143036932341
2014-03-12,-0.001163084925560831,0.0037611554165470906,0.00026715167509561155
2014-03-13,-0.013445113114799234,-0.01423503437258411,-0.01127639882038256
2014-03-14,-0.0024865973603507285,-0.006855806115990681,-0.0028120319769797675
2014-03-17,0.010649545045037456,0.008758130413839105,0.00900290991871966
2014-03-18,0.005589024956277555,0.012001475344065149,0.007112637600014793
2014-03-19,-0.006698167337312988,-0.00542737583848929,-0.0053431635243201825
2014-03-20,0.006820073257908454,0.0027729056922094486,0.0058226533027090355
2014-03-21,-0.0023825758304951705,-0.01210612002847089,-0.003885938469545991
2014-03-24,-0.00116866911840674,-0.00880295859994007,-0.004144179980642981
2014-03-25,0.00583014306682994,0.0032819546841649228,0.004734566889461611
2014-03-26,-0.006507815908517678,-0.012963299864689581,-0.00721827432005373
2014-03-27,-0.00030834196139473136,-0.005624392595131589,-0.002110452637902327
2014-03-28,0.003506748706025853,0.001954834318016907,0.004917875703699615
2014-03-31,0.008498866674599093,0.00709725541533146,0.008161298264477423
2014-04-01,0.004313806891476979,0.01741324321451465,0.006608433411699366
2014-04-02,0.0025423979387122486,0.002574880831081927,0.0033412010545186277
2014-04-03,-0.00018163866628650993,-0.007970071645688748,-0.0013246210474679998
2014-04-04,-0.00886883800546645,-0.026957469938930778,-0.011892497125132628
2014-04-07,-0.010550416755562786,-0.009539335312398478,-0.011113004512552926
2014-04-08,0.0010474151778963048,0.009191888895274225,0.00411466017108264
2014-04-09,0.010844340624355908,0.016996322686270382,0.010693320066957668
2014-04-10,-0.01615676265474697,-0.03146222424668288,-0.021229783070206842
2014-04-11,-0.009019949269031713,-0.011701724668160551,-0.00904910342657761
2014-04-14,0.008896554481762742,0.007816348589845923,0.007847089000334151
2014-04-15,0.005620278424522063,0.0032978353027965923,0.006864069593232713
2014-04-16,0.01017240007045217,0.013198549905002466,0.010423258796491197
2014-04-17,-0.0008425290830755827,0.00023211125361388696,0.0013958093976444985
2014-04-21,0.001708903158543329,0.007397206425951097,0.003481303587927087
2014-04-22,0.004683304453508619,0.007914017408361396,0.004534245982028118
2014-04-23,-0.0009716420877374787,-0.008835742370519206,-0.0023447578672062264
2014-04-24,0.0003035736693934865,0.009521084305318617,0.00202527381982609
2014-04-25,-0.008169813067345544,-0.01611257163920321,-0.008232670792102326
2014-04-28,0.005007403527290677,0.0032432230476020507,0.0031622419186208006
2014-04-29,0.005042722151639367,0.007947942692004162,0.004644255298842381
2014-04-30,0.0027240574444773458,0.002635265473371007,0.0029787557656595354
2014-05-01,-0.0013307943630582741,0.002971000901795584,0.00010598922884685891
2014-05-02,-0.0029095119750035536,-0.0018271441803392463,-0.0014349037963974354
2014-05-05,0.0010922314456109916,0.005243826363153126,0.0019125983859415996
2014-05-06,-0.007302440489228346,-0.01304638218665044,-0.008741983178689239
2014-05-07,0.007908637215542136,-0.002884085114902568,0.005871853016499173
2014-05-08,0.0019372208266963398,-0.0009245241612854116,-0.0010648005268185656
2014-05-09,0.002235161786271256,0.0036935162626603457,0.0014904034761915597
2014-05-12,0.006495651104712508,0.016340176743244506,0.009689189357566796
2014-05-13,0.0014977307041990073,0.0006798943179928685,0.0008955866310280669
2014-05-14,-0.005642724979015412,-0.0052238440827050425,-0.004749403041378386
2014-05-15,-0.009435656983017182,-0.007886890068123265,-0.008818951645898743
2014-05-16,0.002926092440127981,0.006519763316257254,0.003462579021493717
2014-05-19,0.0006075168033854439,0.006930564791565175,0.0036625242891634713
2014-05-20,-0.008474874986498016,-0.003629558977678471,-0.006324975329716764
2014-05-21,0.010111897334016184,0.009499834222653547,0.008389138580255917
2014-05-22,0.0012119500275389328,0.004380626497153095,0.002429149192553659
2014-05-23,0.003927348981200396,0.007257886027542071,0.004000408741768879
2014-05-27,0.0038521860093840843,0.012384371221981993,0.00612783251519744
2014-05-28,-0.0022853055500728914,-0.003081700027129486,-0.000730983943561192
2014-05-29,0.0041457997263743,0.006372809549121783,0.005159400919222179
2014-05-30,0.0008990815748504133,0.0001095946801692449,0.001610074549256879
2014-06-02,0.0016161045072218272,-0.0009863550577806635,0.001141287139856395
2014-06-03,-0.0010770487956452968,-0.0004384536648585069,-0.0005184035323173575
2014-06-04,0.0006585321530039323,0.003722068217164143,0.0020207398949594335
2014-06-05,0.0060244831466294,0.008378465711414762,0.00650071772668781
2014-06-06,0.005575337518463286,0.005725748630267979,0.004771443633727834
2014-06-09,0.0009457820844112064,-0.000754069616462516,0.0010231230332120589
2014-06-10,0.0006496872589547564,0.0017235218085387416,0.00010240106660930337
2014-06-11,-0.00592279879768931,-0.00021525503439612237,-0.003482514955122973
2014-06-12,-0.006316309047729618,-0.009083925073972487,-0.007105013400368065
2014-06-13,0.0019705820844881927,0.002928856996470941,0.00304370294366052
2014-06-16,0.0004176009249707846,0.0008660656994692317,0.0008239853259039975
2014-06-17,0.0018470738790226093,0.0005408173041123732,0.0027755697521349987
2014-06-18,0.005520737718605062,0.005608938738335567,0.007312825395728417
2014-06-19,0.0009468246392820845,-0.0006454986300195031,0.0011202162918531045
2014-06-20,0.0018706622752189261,0.0011755295760513818,0.0020280789571511804
2014-06-23,-0.0010060400491100907,0.00021565051826311077,-0.00030594280087115067
2014-06-24,-0.0061762697393694665,-0.00097071398341253,-0.006042512356263963
2014-06-25,0.002439684800540576,0.006344709356592482,0.0045095351214241575
2014-06-26,-0.0011899045540930686,0.0005356956942739188,-0.0007160612888634788
2014-06-27,0.0005357905390166451,0.004383085842909473,0.0019424695353107424
2014-06-30,-0.0016663786061830166,0.001705313032555722,-0.0005106817244469042
2014-07-01,0.007772018040621553,0.010908108064451305,0.006670899189749946
2014-07-02,0.0011813179324651202,0.0016836229588452767,0.0010142262560313142
2014-07-03,0.006297051458775904,0.006289459552494492,0.00490636209902906
2014-07-07,-0.0035848270536309457,-0.003034887821753429,-0.0034876387204700876
2014-07-08,-0.005963942020858148,-0.012126265181971796,-0.0064504980684247926
2014-07-09,0.004313846629337981,0.007398714606507539,0.004474054225863
2014-07-10,-0.003662474118934611,-0.003164419466955337,-0.003964896716451172
2014-07-11,0.0014190271728447001,0.006423703200419517,0.0013744076253674464
2014-07-14,0.006422090806512237,0.005964917555001392,0.005022851758499591
2014-07-15,0.0005283290418827136,-0.0034490789851053805,-0.001874642203413046
2014-07-16,0.004041384937364612,0.00397069059435573,0.003694689642853355
2014-07-17,-0.00857127309957928,-0.013332721969457673,-0.01143104256788785
2014-07-18,0.006776698156535588,0.015728747127930376,0.01016736103937177
2014-07-21,-0.0023481943168386366,-0.0012492273151476496,-0.0018733371421530975
2014-07-22,0.00328499865091203,0.006333816996852093,0.004348691126844884
2014-07-23,-0.0010545996729574014,0.006397271601696453,0.0022173197738464268
2014-07-24,-0.0007034148031168641,-0.001132195149893711,5.06525195360652e-05
2014-07-25,-0.007538535321613082,-0.003920391232238529,-0.004692957279207377
2014-07-28,0.0014766762895508379,0.0003102737356259766,0.00040465779271414704
2014-07-29,-0.0037254534273252204,-0.0017585149656476062,-0.004306506322399706
2014-07-30,-0.0017792666271807533,0.003926061878814835,0.0001524566287294249
2014-07-31,-0.01911572193736344,-0.02041711167992233,-0.01994583133862271
2014-08-01,-0.004365015339818257,-0.0036903064650122275,-0.003060255052069749
2014-08-04,0.004607688115589426,0.006842411051682262,0.007194661725193896
2014-08-05,-0.008565385271557702,-0.007688071304103872,-0.009743498819121399
2014-08-06,0.0017069993057408084,-0.0007401052416753373,0.00031255781191585896
2014-08-07,-0.003966527822597321,-0.0031789155123655988,-0.005429529006319989
2014-08-08,0.010885365737319574,0.007191111177180964,0.011502465830199426
2014-08-11,0.0012691024030866416,0.005883577792176631,0.002893706559971676
2014-08-12,-0.0003626028379439816,-0.0004191253076397672,-0.0013941703241453496
2014-08-13,0.006024303404376319,0.01052920049903161,0.00674639422477874
2014-08-14,0.0036574032610490192,0.005171761949784859,0.004710589754833627
2014-08-15,-0.0027254988852565276,0.004836969946004466,-0.0002042020246433296
2014-08-18,0.010227343433469649,0.0076707312011699,0.008344499157083796
2014-08-19,0.0049263795878964345,0.005588268672543251,0.005204955091466346
2014-08-20,0.004195154072995422,0.0,0.0026680129168896727
2014-08-21,0.0034139634725205426,0.0020243157647348298,0.002911632652428331
2014-08-22,-0.001823284018803939,0.001515173439230466,-0.001555123605890607
2014-08-25,0.004405426311357985,0.0035275794096101265,0.005057441495149639
2014-08-26,0.001815176653025219,0.0010054573638544895,0.0006491639708450236
2014-08-27,0.00046784051731219023,0.00020106577030354345,-0.00039937835682302136
2014-08-28,-0.0014039719123459804,-0.0011058840632180988,-0.0005492230171233459
2014-08-29,0.000643340750341892,0.0037149549326125353,0.002843701061856052
2014-09-02,-0.0017567167361525193,0.002902247742652797,-0.0004982367302863722
2014-09-03,0.0008200041628230181,-0.005913331267559663,-0.0005483209867946925
2014-09-04,-0.0003514042797148065,-0.0009050852618619487,-0.0014472856762601793
2014-09-05,0.003451669461661311,0.00501803904264797,0.0044848245943800435
2014-09-08,-0.0011104532738013262,0.0019001738566508664,-0.0025888425246751723
2014-09-09,-0.005510247496342657,-0.00832780207266115,-0.00635122073180483
2014-09-10,0.0032277919148926415,0.008228005702783925,0.003755484953644306
2014-09-11,-0.000938172672666937,-0.0007996067745512647,0.00114893186742826
2014-09-12,-0.003583594526487488,-0.005113724493008398,-0.005858339280012892
2014-09-15,0.002468833632968348,-0.009697205236403938,-0.0007534232070840474
2014-09-16,0.006204524583393045,0.00869121611304724,0.007509849574304894
2014-09-17,0.0011660197638416747,0.0015086787463625129,0.0013460446595363607
2014-09-18,0.005985620176945261,0.007506868821733015,0.005315945339925854
2014-09-19,0.0014674529252607371,-0.0006199048395085782,-0.0009017087249727496
2014-09-22,-0.006048941997489621,-0.009345473508687085,-0.007752907256023178
2014-09-23,-0.007025066196956864,-0.002729468930731116,-0.005740566023717086
2014-09-24,0.009239358427469035,0.010673690030055027,0.007797283863340887
2014-09-25,-0.015368759269223986,-0.021258037148623288,-0.01626718734343413
2014-09-26,0.009003802211260847,0.01058434711856826,0.007914039038704246
2014-09-29,-0.0021700166798463982,-0.001316856895276608,-0.001820659061305463
2014-09-30,-0.0015271162389867143,0.001418057986059651,-0.0026356022780218424
2014-10-01,-0.014153275723818304,-0.01612282855345004,-0.01364497982274493
2014-10-02,-0.00017901350997906462,0.0,0.00015456968104654578
2014-10-03,0.012272132545051662,0.009827141512196214,0.010949244076332576
2014-10-06,-0.0008843123305108946,-0.0021414184044283857,-0.0011711477075477816
2014-10-07,-0.016110597775986335,-0.01429106652538259,-0.015556662452244296
2014-10-08,0.016405352727665523,0.01928050559142047,0.017338071912928577
2014-10-09,-0.019526737371264424,-0.016282235839804926,-0.02003220844196285
2014-10-10,-0.006816170954932588,-0.02530186928826872,-0.011480113805398595
2014-10-13,-0.01389698920456528,-0.015795305422333428,-0.01656338506166044
2014-10-14,0.0006134368402674895,0.00010753670630236911,0.001546309440516147
2014-10-15,-0.01079202449400718,-0.006474664410789366,-0.0067894145118749805
2014-10-16,-0.001862194995865707,-0.006298664190791392,-0.0008585325655126042
2014-10-17,0.016113000575208147,0.01309592602545262,0.011741654040564597
2014-10-20,0.0012228968240819427,0.014835622491447431,0.00966291037423428
2014-10-21,0.013052027451851522,0.02593477748940476,0.01961729579257554
2014-10-22,-0.008601246953942265,-0.00517491071176579,-0.007136367856080739
2014-10-23,0.012513613337846508,0.014933943305186936,0.011557647842870722
2014-10-24,0.007720862666044326,0.00814516283547917,0.007665742203694315
2014-10-27,0.0008341404048763934,0.0007096189682327392,-0.001375430987804016
2014-10-28,0.010546671905542482,0.014984881512636328,0.011404915864222431
2014-10-29,-0.0015336362094302558,-0.0037002417119564868,-0.001513157341969773
2014-10-30,0.012903693800449645,0.0021019267885789006,0.006390148190104306
2014-10-31,0.010722793812947273,0.013702850302284908,0.011370318269404045
2014-11-03,-0.0005183977477001278,0.0029541174790130853,0.0005455860653968969
2014-11-04,0.0005764296257018131,-0.0033485289564811893,-0.0034755018809313754
2014-11-05,0.006264322186969373,9.845887534254416e-05,0.00629645632090714
2014-11-06,0.004230254844141967,0.0031520032614631432,0.003995186046786614
2014-11-07,0.001653343145672892,-0.0008855140535848349,0.0009348998783407225
2014-11-10,0.0021045174436640224,0.0035369785801506737,0.0031423322295180967
2014-11-11,0.0003979897862294024,0.0031335551991933386,0.000980225465571749
2014-11-12,0.00011376612167257605,0.0017583417959956549,-0.0010780819867637348
2014-11-13,0.0022696873272334273,0.004285051942957807,0.0011272074336972082
2014-11-14,-0.0005102091235578143,0.003105138058227652,0.00024460191185582403
2014-11-17,0.000793727031357605,-0.003007845333217851,0.0006362072109160621
2014-11-18,0.0026592936980707194,0.007454339538484511,0.005757306149543062
2014-11-19,-0.0001697699498706129,-0.004543423221730514,-0.001606685255636009
2014-11-20,0.0018072281233925125,0.0044470767821467305,0.0017525021595332646
2014-11-21,0.005066150142984505,0.001927430376253092,0.005336471912108287
2014-11-24,0.0005627816878117642,0.007767828365992102,0.002802428711569327
2014-11-25,0.0008990746185846277,0.0015273785969833753,-0.0007237769140235883
2014-11-26,0.00028155695652731794,0.006465120837020777,0.002555504252541141
2014-11-28,0.0005052370068368006,0.0046329554688799846,-0.002121254968534103
2014-12-01,-0.0028116532113573456,-0.011384326778444809,-0.006974190927265589
2014-12-02,0.005390831733671497,0.0039992078142754295,0.006443229947803886
2014-12-03,0.002238414624931906,0.0018039069749491432,0.0038556448695290513
2014-12-04,-0.0007270605358051796,-0.00047431061002534136,-0.0011069733741795318
2014-12-05,0.0037952215850820537,9.463204910620249e-05,0.001635886272470799
2014-12-08,-0.0054182560252700185,-0.007142541031557315,-0.006705148142823525
2014-12-09,-0.0032542921346170317,0.003149277359249858,-0.000677801559891833
2014-12-10,-0.015116884166554101,-0.01584508486978109,-0.01616140797954646
2014-12-11,0.004212322785723366,0.004731818818477507,0.005057455724029936
2014-12-12,-0.017362146493145936,-0.01094617689668187,-0.01629366373019181
2014-12-15,-0.00701902786864661,-0.01037793752039029,-0.006893259632206217
2014-12-16,-0.00548643578224528,-0.01617187602328407,-0.008051952271026508
2014-12-17,0.015909939729443323,0.01804007247054873,0.019415325162704278
2014-12-18,0.02390698434522065,0.023781669046783804,0.024427784703776823
2014-12-19,0.0013683265849717685,0.0043902163505489256,0.004245959107031183
2014-12-22,0.009579803024264422,0.002489468467256728,0.00458948378228019
2014-12-23,0.003729062179955278,-0.003544406585771931,0.0013485603890952547
2014-12-24,0.0,0.0008633640658599617,9.628137390205183e-05
2014-12-26,0.0008879496712204116,0.007069989509488117,0.0032195668357557494
2014-12-29,-0.00044402058331449723,-0.00019079072022165633,0.0013425283268082566
2014-12-30,-0.0036153644624441483,-0.00668762473661122,-0.005380565929666403
2014-12-31,-0.00884289005636063,-0.010309709747642337,-0.009972591852441148
2015-01-02,0.0003365064453015876,-0.003006839582488041,-0.000535278037089526
2015-01-05,-0.01757502911400355,-0.014777368338161345,-0.018224777265756664
2015-01-06,-0.0083279203920128,-0.013499035505560641,-0.009463372392271019
2015-01-07,0.012608755603045196,0.01280862853338327,0.012383924152705283
2015-01-08,0.017891921096489405,0.018958726039095986,0.017589473903858455
2015-01-09,-0.008651727086126826,-0.006604371899520345,-0.00804589417956958
2015-01-12,-0.005545390317301724,-0.010481560769702192,-0.007864481322227057
2015-01-13,-0.0014764763333046105,-0.00029559745413099137,-0.0028166577977506435
2015-01-14,-0.010970560197455903,-0.005531332019161894,-0.006055499210893878
2015-01-15,-0.005761425960756128,-0.013060616627696753,-0.009202599449477766
2015-01-16,0.010115651373713064,0.011672807509371275,0.013028902321548408
2015-01-20,0.0013160795694906469,0.007903544193616163,0.0021303741085647587
2015-01-21,0.0025695859138252786,0.005104058908868225,0.005035476427515562
2015-01-22,0.014549790894887948,0.01833490242557545,0.014761149528985662
2015-01-23,-0.008522859512048342,0.002208559344313521,-0.005497820826570354
2015-01-26,0.0005102428972225681,-0.0011517161323011393,0.0023391706618598462
2015-01-27,-0.01662530669104001,-0.026268494617118776,-0.013278454975300669
2015-01-28,-0.01083022337186268,-0.00513946351810457,-0.012907340034003845
2015-01-29,0.012614761492043769,0.009565738274700308,0.00920123252018712
2015-01-30,-0.014188923272882015,-0.00778375600597947,-0.01265457466982678
2015-02-02,0.010559680650843895,0.008666862497530126,0.012307950267365086
2015-02-03,0.017505844577298646,0.00956350834575126,0.01435760553253207
2015-02-04,0.0011339914706125498,-0.0008742993256651843,-0.003814950385421234
2015-02-05,0.011377452590998871,0.008614508428657075,0.010044395623691749
2015-02-06,-0.0025794932140801308,-0.006090544454894875,-0.0027692545386788225
2015-02-09,-0.005630812419219922,-0.003205019898064876,-0.004485689116710212
2015-02-10,0.007986617823191544,0.01544472620970705,0.010596722699920846
2015-02-11,0.0010634649110370376,0.003633168242972218,0.0005800824502788515
2015-02-12,0.006359069360141412,0.011576097101223759,0.009570842938698476
2015-02-13,0.0027764621598569406,0.008548209045517119,0.004108093865808016
2015-02-17,0.0012750090259636693,0.0009349534525213699,0.0015719530998064002
2015-02-18,-0.0005541993425106639,0.0014007491094183422,9.504148365024889e-05
2015-02-19,-0.0021076445794632193,0.0049338337692814704,-0.0007139274198149081
2015-02-20,0.008537724084642484,0.0066635018633114385,0.005982496857637187
2015-02-23,-0.0012151170889591612,0.0010139434026239513,-0.00014201349802700491
2015-02-24,0.005457034247005055,0.0007371769717190446,0.002836612830228624
2015-02-25,0.00027443172499541646,-0.0024890663424113058,-0.0008499840467353081
2015-02-26,0.00027520397381142203,0.005064012780509941,-0.0011819053532047263
2015-02-27,-0.0045154824069779664,-0.004418380797489796,-0.0034121904140693715
2015-03-02,0.008189469996367826,0.009000026613199097,0.006293828960975745
2015-03-03,-0.004443528751028936,-0.004673416593899304,-0.004112670734037316
2015-03-04,-0.006011401458887455,-0.0038654157992015215,-0.004224557455182243
2015-03-05,0.0021551729395739017,0.0017506974395251618,0.0010934045582970953
2015-03-06,-0.015407780928104131,-0.011386585099386615,-0.014164047476384667
2015-03-09,0.007817181954496988,0.0028820231283068765,0.004135817908523798
2015-03-10,-0.01744871871878928,-0.018741252992462876,-0.016354613066129176
2015-03-11,-0.0019253491059458838,-0.005786637424012753,-0.0023446214258928677
2015-03-12,0.0147469895425143,0.006543172199329206,0.012633633315811466
2015-03-13,-0.007909794790299074,-0.004357430768723525,-0.006151000621763103
2015-03-16,0.01242554526788453,0.01282786553682147,0.013271909046016717
2015-03-17,-0.007145596659949405,0.0015921919492294379,-0.0029768672400223295
2015-03-18,0.012415940417675131,0.009777073921901192,0.011949789559840163
2015-03-19,-0.005938019455951071,0.0014813278031668986,-0.004571670204019718
2015-03-20,0.008942148568498176,0.0064522418795567305,0.008788096675263368
2015-03-23,-0.0006076372231600402,-0.0019367557733920293,-0.0019503240503420116
2015-03-24,-0.005656003106721208,-0.0036069487593657357,-0.005635016680036742
2015-03-25,-0.016314480633835338,-0.023151182966530293,-0.014762171246216482
2015-03-26,-0.0024904140529731222,-0.003419383885018057,-0.0023842306111232503
2015-03-27,0.001868318641558453,0.003988031992219199,0.00228679081457539
2015-03-30,0.014486887536556914,0.01140196894534018,0.012126069392400574
2015-03-31,-0.010141666784140746,-0.010644151751432851,-0.00877770810505396
2015-04-01,-0.004741177514579142,-0.005221791927360719,-0.0035425387415362053
2015-04-02,0.0033329426688943897,0.0006661507742791173,0.003591059496609539
2015-04-06,0.007079710367084324,0.008147903271352952,0.006710499835860695
2015-04-07,-0.0009519084418094792,-0.0016998069408096228,-0.0026500155905901934
2015-04-08,0.0018479278064766902,0.007908136420207157,0.0033713628522065164
2015-04-09,0.0036293417414583473,0.006263060351120231,0.00441388503428275
2015-04-10,0.005392655777856525,0.004091849393057068,0.005442131172818776
2015-04-13,-0.0040554630990010665,-0.0025088313290053676,-0.004532930304018912
