Date,Open,High,Low,Close,Adj Close,Volume
2010-12-01,2.903000,2.983000,2.890000,2.964000,2.964000,0
2010-12-02,3.024000,3.024000,2.942000,3.000000,3.000000,0
2010-12-03,3.033000,3.062000,2.903000,3.017000,3.017000,0
2010-12-05,null,null,null,null,null,null
2010-12-06,2.965000,2.981000,2.937000,2.941000,2.941000,0
2010-12-07,3.026000,3.177000,3.019000,3.165000,3.165000,0
2010-12-08,3.221000,3.330000,3.173000,3.236000,3.236000,0
2010-12-09,3.246000,3.278000,3.179000,3.223000,3.223000,0
2010-12-10,3.235000,3.298000,3.233000,3.296000,3.296000,0
2010-12-12,null,null,null,null,null,null
2010-12-13,3.366000,3.371000,3.250000,3.283000,3.283000,0
2010-12-14,3.315000,3.467000,3.300000,3.455000,3.455000,0
2010-12-15,3.407000,3.563000,3.397000,3.520000,3.520000,0
2010-12-16,3.514000,3.566000,3.459000,3.477000,3.477000,0
2010-12-17,3.386000,3.423000,3.328000,3.330000,3.330000,0
2010-12-19,null,null,null,null,null,null
2010-12-20,3.288000,3.371000,3.249000,3.349000,3.349000,0
2010-12-21,3.319000,3.381000,3.301000,3.326000,3.326000,0
2010-12-22,3.330000,3.365000,3.303000,3.346000,3.346000,0
2010-12-23,3.379000,3.407000,3.354000,3.393000,3.393000,0
2010-12-26,null,null,null,null,null,null
2010-12-27,3.424000,3.428000,3.349000,3.351000,3.351000,0
2010-12-28,3.341000,3.487000,3.326000,3.481000,3.481000,0
2010-12-29,3.484000,3.493000,3.337000,3.341000,3.341000,0
2010-12-30,3.384000,3.421000,3.355000,3.369000,3.369000,0
2010-12-31,3.324000,3.363000,3.282000,3.305000,3.305000,0
2011-01-02,null,null,null,null,null,null
2011-01-03,3.377000,3.420000,3.313000,3.342000,3.342000,0
2011-01-04,3.338000,3.362000,3.302000,3.346000,3.346000,0
2011-01-05,3.381000,3.497000,3.379000,3.483000,3.483000,0
2011-01-06,3.442000,3.460000,3.393000,3.419000,3.419000,0
2011-01-07,3.435000,3.464000,3.297000,3.328000,3.328000,0
2011-01-09,null,null,null,null,null,null
2011-01-10,3.314000,3.328000,3.277000,3.304000,3.304000,0
2011-01-11,3.310000,3.371000,3.293000,3.341000,3.341000,0
2011-01-12,3.400000,3.418000,3.348000,3.355000,3.355000,0
2011-01-13,3.367000,3.389000,3.297000,3.301000,3.301000,0
2011-01-14,3.327000,3.335000,3.255000,3.333000,3.333000,0
2011-01-16,null,null,null,null,null,null
2011-01-18,3.288000,3.413000,3.281000,3.364000,3.364000,0
2011-01-19,3.349000,3.388000,3.327000,3.337000,3.337000,0
2011-01-20,3.359000,3.474000,3.359000,3.459000,3.459000,0
2011-01-21,3.432000,3.471000,3.410000,3.416000,3.416000,0
2011-01-23,null,null,null,null,null,null
2011-01-24,3.414000,3.432000,3.381000,3.408000,3.408000,0
2011-01-25,3.371000,3.420000,3.309000,3.319000,3.319000,0
2011-01-26,3.379000,3.442000,3.362000,3.428000,3.428000,0
2011-01-27,3.462000,3.462000,3.379000,3.385000,3.385000,0
2011-01-28,3.421000,3.453000,3.310000,3.329000,3.329000,0
2011-01-30,null,null,null,null,null,null
2011-01-31,3.357000,3.404000,3.329000,3.378000,3.378000,0
2011-02-01,3.428000,3.469000,3.418000,3.443000,3.443000,0
2011-02-02,3.406000,3.507000,3.398000,3.489000,3.489000,0
2011-02-03,3.511000,3.551000,3.491000,3.541000,3.541000,0
2011-02-04,3.565000,3.666000,3.530000,3.652000,3.652000,0
2011-02-06,null,null,null,null,null,null
2011-02-07,3.670000,3.692000,3.640000,3.644000,3.644000,0
2011-02-08,3.642000,3.735000,3.640000,3.725000,3.725000,0
2011-02-09,3.711000,3.744000,3.626000,3.642000,3.642000,0
2011-02-10,3.668000,3.721000,3.655000,3.708000,3.708000,0
2011-02-11,3.657000,3.670000,3.608000,3.646000,3.646000,0
2011-02-13,null,null,null,null,null,null
2011-02-14,3.646000,3.664000,3.601000,3.614000,3.614000,0
2011-02-15,3.653000,3.661000,3.601000,3.616000,3.616000,0
2011-02-16,3.593000,3.651000,3.576000,3.621000,3.621000,0
2011-02-17,3.599000,3.614000,3.550000,3.574000,3.574000,0
2011-02-18,3.610000,3.632000,3.580000,3.589000,3.589000,0
2011-02-20,null,null,null,null,null,null
2011-02-22,3.528000,3.544000,3.457000,3.461000,3.461000,0
2011-02-23,3.483000,3.492000,3.431000,3.487000,3.487000,0
2011-02-24,3.433000,3.463000,3.415000,3.438000,3.438000,0
2011-02-25,3.466000,3.468000,3.418000,3.425000,3.425000,0
2011-02-27,null,null,null,null,null,null
2011-02-28,3.425000,3.427000,3.403000,3.414000,3.414000,0
2011-03-01,3.464000,3.490000,3.407000,3.414000,3.414000,0
2011-03-02,3.434000,3.466000,3.407000,3.464000,3.464000,0
2011-03-03,3.483000,3.574000,3.483000,3.572000,3.572000,0
2011-03-04,3.580000,3.595000,3.479000,3.492000,3.492000,0
2011-03-06,null,null,null,null,null,null
2011-03-07,3.527000,3.552000,3.469000,3.497000,3.497000,0
2011-03-08,3.505000,3.555000,3.492000,3.544000,3.544000,0
2011-03-09,3.535000,3.540000,3.449000,3.469000,3.469000,0
2011-03-10,3.479000,3.479000,3.382000,3.393000,3.393000,0
2011-03-11,3.380000,3.414000,3.349000,3.393000,3.393000,0
2011-03-13,null,null,null,null,null,null
2011-03-14,3.388000,3.388000,3.331000,3.347000,3.347000,0
2011-03-15,3.235000,3.325000,3.230000,3.323000,3.323000,0
2011-03-16,3.301000,3.307000,3.141000,3.212000,3.212000,0
2011-03-17,3.246000,3.290000,3.228000,3.248000,3.248000,0
2011-03-18,3.251000,3.325000,3.244000,3.277000,3.277000,0
2011-03-20,null,null,null,null,null,null
2011-03-21,3.306000,3.367000,3.297000,3.323000,3.323000,0
2011-03-22,3.348000,3.361000,3.330000,3.332000,3.332000,0
2011-03-23,3.295000,3.352000,3.280000,3.348000,3.348000,0
2011-03-24,3.381000,3.404000,3.359000,3.404000,3.404000,0
2011-03-25,3.389000,3.461000,3.383000,3.444000,3.444000,0
2011-03-27,null,null,null,null,null,null
2011-03-28,3.467000,3.480000,3.431000,3.448000,3.448000,0
2011-03-29,3.454000,3.502000,3.429000,3.491000,3.491000,0
2011-03-30,3.487000,3.489000,3.450000,3.455000,3.455000,0
2011-03-31,3.429000,3.482000,3.403000,3.454000,3.454000,0
2011-04-01,3.498000,3.526000,3.448000,3.451000,3.451000,0
2011-04-03,null,null,null,null,null,null
2011-04-04,3.440000,3.442000,3.403000,3.431000,3.431000,0
2011-04-05,3.414000,3.500000,3.399000,3.487000,3.487000,0
2011-04-06,3.496000,3.549000,3.496000,3.545000,3.545000,0
2011-04-07,3.572000,3.577000,3.523000,3.555000,3.555000,0
2011-04-08,3.598000,3.619000,3.568000,3.570000,3.570000,0
2011-04-10,null,null,null,null,null,null
2011-04-11,3.596000,3.602000,3.558000,3.570000,3.570000,0
2011-04-12,3.532000,3.539000,3.475000,3.500000,3.500000,0
2011-04-13,3.522000,3.545000,3.460000,3.466000,3.466000,0
2011-04-14,3.444000,3.500000,3.421000,3.485000,3.485000,0
2011-04-15,3.468000,3.468000,3.399000,3.410000,3.410000,0
2011-04-17,null,null,null,null,null,null
2011-04-18,3.374000,3.455000,3.363000,3.371000,3.371000,0
2011-04-19,3.395000,3.398000,3.348000,3.356000,3.356000,0
2011-04-20,3.402000,3.402000,3.374000,3.400000,3.400000,0
2011-04-21,3.393000,3.402000,3.370000,3.400000,3.400000,0
2011-04-24,null,null,null,null,null,null
2011-04-25,3.385000,3.396000,3.361000,3.363000,3.363000,0
2011-04-26,3.363000,3.365000,3.314000,3.320000,3.320000,0
2011-04-27,3.351000,3.391000,3.338000,3.368000,3.368000,0
2011-04-28,3.329000,3.346000,3.298000,3.312000,3.312000,0
2011-04-29,3.299000,3.333000,3.286000,3.296000,3.296000,0
2011-05-01,null,null,null,null,null,null
2011-05-02,3.312000,3.312000,3.264000,3.286000,3.286000,0
2011-05-03,3.264000,3.284000,3.249000,3.255000,3.255000,0
2011-05-04,3.262000,3.269000,3.209000,3.223000,3.223000,0
2011-05-05,3.192000,3.199000,3.164000,3.168000,3.168000,0
2011-05-06,3.175000,3.239000,3.128000,3.157000,3.157000,0
2011-05-08,null,null,null,null,null,null
2011-05-09,3.175000,3.181000,3.135000,3.142000,3.142000,0
2011-05-10,3.162000,3.199000,3.160000,3.195000,3.195000,0
2011-05-11,3.221000,3.224000,3.153000,3.157000,3.157000,0
2011-05-12,3.178000,3.248000,3.169000,3.230000,3.230000,0
2011-05-13,3.226000,3.230000,3.132000,3.187000,3.187000,0
2011-05-15,null,null,null,null,null,null
2011-05-16,3.169000,3.199000,3.147000,3.149000,3.149000,0
2011-05-17,3.147000,3.149000,3.098000,3.121000,3.121000,0
2011-05-18,3.098000,3.178000,3.098000,3.171000,3.171000,0
2011-05-19,3.195000,3.241000,3.169000,3.171000,3.171000,0
2011-05-20,3.160000,3.189000,3.147000,3.152000,3.152000,0
2011-05-22,null,null,null,null,null,null
2011-05-23,3.097000,3.141000,3.094000,3.134000,3.134000,0
2011-05-24,3.154000,3.162000,3.114000,3.123000,3.123000,0
2011-05-25,3.116000,3.140000,3.099000,3.129000,3.129000,0
2011-05-26,3.147000,3.147000,3.061000,3.061000,3.061000,0
2011-05-27,3.086000,3.101000,3.055000,3.064000,3.064000,0
2011-05-29,null,null,null,null,null,null
2011-05-31,3.086000,3.099000,3.041000,3.050000,3.050000,0
2011-06-01,3.015000,3.024000,2.952000,2.966000,2.966000,0
2011-06-02,2.966000,3.033000,2.966000,3.030000,3.030000,0
2011-06-03,3.024000,3.024000,2.948000,2.997000,2.997000,0
2011-06-05,null,null,null,null,null,null
2011-06-06,3.002000,3.041000,3.000000,3.002000,3.002000,0
2011-06-07,3.033000,3.055000,3.009000,3.011000,3.011000,0
2011-06-08,2.971000,2.980000,2.933000,2.962000,2.962000,0
2011-06-09,2.930000,3.020000,2.919000,2.998000,2.998000,0
2011-06-10,2.973000,2.980000,2.937000,2.971000,2.971000,0
2011-06-12,null,null,null,null,null,null
2011-06-13,2.993000,3.013000,2.949000,2.991000,2.991000,0
2011-06-14,3.015000,3.103000,3.007000,3.099000,3.099000,0
2011-06-15,3.079000,3.095000,2.964000,2.973000,2.973000,0
2011-06-16,2.897000,2.965000,2.893000,2.909000,2.909000,0
2011-06-17,2.974000,2.978000,2.927000,2.944000,2.944000,0
2011-06-19,null,null,null,null,null,null
2011-06-20,2.900000,2.978000,2.898000,2.963000,2.963000,0
2011-06-21,2.980000,3.000000,2.954000,2.985000,2.985000,0
2011-06-22,2.956000,2.994000,2.940000,2.993000,2.993000,0
2011-06-23,2.942000,2.942000,2.887000,2.909000,2.909000,0
2011-06-24,2.907000,2.936000,2.847000,2.871000,2.871000,0
2011-06-26,null,null,null,null,null,null
2011-06-27,2.880000,2.932000,2.855000,2.927000,2.927000,0
2011-06-28,2.934000,3.055000,2.930000,3.045000,3.045000,0
2011-06-29,3.073000,3.132000,3.055000,3.108000,3.108000,0
2011-06-30,3.095000,3.216000,3.088000,3.158000,3.158000,0
2011-07-01,3.147000,3.223000,3.140000,3.197000,3.197000,0
2011-07-03,null,null,null,null,null,null
2011-07-05,3.151000,3.158000,3.119000,3.136000,3.136000,0
2011-07-06,3.084000,3.119000,3.073000,3.095000,3.095000,0
2011-07-07,3.162000,3.175000,3.141000,3.149000,3.149000,0
2011-07-08,3.169000,3.181000,3.008000,3.016000,3.016000,0
2011-07-10,null,null,null,null,null,null
2011-07-11,2.948000,2.975000,2.913000,2.917000,2.917000,0
2011-07-12,2.897000,2.937000,2.875000,2.908000,2.908000,0
2011-07-13,2.937000,2.952000,2.890000,2.891000,2.891000,0
2011-07-14,2.910000,2.946000,2.890000,2.944000,2.944000,0
2011-07-15,2.953000,2.984000,2.899000,2.908000,2.908000,0
2011-07-17,null,null,null,null,null,null
2011-07-18,2.877000,2.931000,2.875000,2.909000,2.909000,0
2011-07-19,2.948000,2.959000,2.878000,2.891000,2.891000,0
2011-07-20,2.915000,2.942000,2.897000,2.933000,2.933000,0
2011-07-21,2.962000,3.036000,2.953000,3.010000,3.010000,0
2011-07-22,2.990000,2.991000,2.962000,2.964000,2.964000,0
2011-07-24,null,null,null,null,null,null
2011-07-25,3.004000,3.032000,2.942000,3.004000,3.004000,0
2011-07-26,3.025000,3.026000,2.940000,2.951000,2.951000,0
2011-07-27,2.958000,3.010000,2.945000,2.980000,2.980000,0
2011-07-28,2.962000,2.966000,2.933000,2.951000,2.951000,0
2011-07-29,2.920000,2.920000,2.805000,2.805000,2.805000,0
2011-07-31,null,null,null,null,null,null
2011-08-01,2.792000,2.821000,2.719000,2.740000,2.740000,0
2011-08-02,2.686000,2.724000,2.604000,2.624000,2.624000,0
2011-08-03,2.609000,2.633000,2.546000,2.599000,2.599000,0
2011-08-04,2.576000,2.602000,2.456000,2.458000,2.458000,0
2011-08-05,2.457000,2.581000,2.428000,2.558000,2.558000,0
2011-08-07,null,null,null,null,null,null
2011-08-08,2.497000,2.503000,2.328000,2.339000,2.339000,0
2011-08-09,2.394000,2.406000,2.173000,2.182000,2.182000,0
2011-08-10,2.213000,2.216000,2.092000,2.137000,2.137000,0
2011-08-11,2.135000,2.360000,2.130000,2.336000,2.336000,0
2011-08-12,2.283000,2.313000,2.223000,2.237000,2.237000,0
2011-08-14,null,null,null,null,null,null
2011-08-15,2.269000,2.290000,2.235000,2.285000,2.285000,0
2011-08-16,2.267000,2.301000,2.200000,2.214000,2.214000,0
2011-08-17,2.244000,2.260000,2.160000,2.165000,2.165000,0
2011-08-18,2.099000,2.111000,1.978000,2.083000,2.083000,0
2011-08-19,2.109000,2.123000,2.069000,2.071000,2.071000,0
2011-08-21,null,null,null,null,null,null
2011-08-22,2.115000,2.134000,2.083000,2.088000,2.088000,0
2011-08-23,2.160000,2.162000,2.064000,2.137000,2.137000,0
2011-08-24,2.146000,2.266000,2.139000,2.260000,2.260000,0
2011-08-25,2.294000,2.294000,2.211000,2.222000,2.222000,0
2011-08-26,2.193000,2.220000,2.121000,2.188000,2.188000,0
2011-08-28,null,null,null,null,null,null
2011-08-29,2.225000,2.296000,2.225000,2.271000,2.271000,0
2011-08-30,2.200000,2.206000,2.158000,2.176000,2.176000,0
2011-08-31,2.165000,2.223000,2.139000,2.218000,2.218000,0
2011-09-01,2.202000,2.278000,2.144000,2.146000,2.146000,0
2011-09-02,2.123000,2.164000,1.996000,1.996000,1.996000,0
2011-09-04,null,null,null,null,null,null
2011-09-06,1.948000,1.989000,1.929000,1.979000,1.979000,0
2011-09-07,2.019000,2.060000,2.005000,2.036000,2.036000,0
2011-09-08,1.991000,2.039000,1.977000,1.986000,1.986000,0
2011-09-09,2.013000,2.018000,1.896000,1.915000,1.915000,0
2011-09-11,null,null,null,null,null,null
2011-09-12,1.896000,1.949000,1.896000,1.930000,1.930000,0
2011-09-13,1.946000,2.006000,1.941000,1.994000,1.994000,0
2011-09-14,2.025000,2.032000,1.963000,2.011000,2.011000,0
2011-09-15,2.034000,2.118000,2.031000,2.085000,2.085000,0
2011-09-16,2.086000,2.118000,2.060000,2.076000,2.076000,0
2011-09-18,null,null,null,null,null,null
2011-09-19,1.992000,1.992000,1.928000,1.940000,1.940000,0
2011-09-20,1.970000,1.992000,1.935000,1.947000,1.947000,0
2011-09-21,1.933000,1.957000,1.856000,1.875000,1.875000,0
2011-09-22,1.759000,1.793000,1.699000,1.715000,1.715000,0
2011-09-23,1.697000,1.816000,1.696000,1.808000,1.808000,0
2011-09-25,null,null,null,null,null,null
2011-09-26,1.849000,1.909000,1.833000,1.904000,1.904000,0
2011-09-27,1.975000,2.016000,1.955000,2.016000,2.016000,0
2011-09-28,1.976000,2.065000,1.973000,2.002000,2.002000,0
2011-09-29,1.971000,2.028000,1.952000,1.957000,1.957000,0
2011-09-30,1.950000,1.955000,1.893000,1.924000,1.924000,0
2011-10-02,null,null,null,null,null,null
2011-10-03,1.883000,1.891000,1.776000,1.785000,1.785000,0
2011-10-04,1.735000,1.840000,1.717000,1.781000,1.781000,0
2011-10-05,1.864000,1.912000,1.843000,1.905000,1.905000,0
2011-10-06,1.920000,1.986000,1.915000,1.986000,1.986000,0
2011-10-07,2.014000,2.118000,2.007000,2.068000,2.068000,0
2011-10-09,null,null,null,null,null,null
2011-10-10,2.076000,2.076000,2.076000,2.076000,2.076000,0
2011-10-11,2.148000,2.180000,2.134000,2.160000,2.160000,0
2011-10-12,2.226000,2.269000,2.190000,2.226000,2.226000,0
2011-10-13,2.198000,2.203000,2.123000,2.169000,2.169000,0
2011-10-14,2.235000,2.264000,2.212000,2.232000,2.232000,0
2011-10-16,null,null,null,null,null,null
2011-10-17,2.233000,2.244000,2.151000,2.155000,2.155000,0
2011-10-18,2.104000,2.166000,2.104000,2.151000,2.151000,0
2011-10-19,2.191000,2.225000,2.134000,2.159000,2.159000,0
2011-10-20,2.173000,2.207000,2.114000,2.180000,2.180000,0
2011-10-21,2.207000,2.239000,2.180000,2.203000,2.203000,0
2011-10-23,null,null,null,null,null,null
2011-10-24,2.182000,2.239000,2.175000,2.234000,2.234000,0
2011-10-25,2.250000,2.257000,2.114000,2.128000,2.128000,0
2011-10-26,2.141000,2.214000,2.112000,2.203000,2.203000,0
2011-10-27,2.297000,2.407000,2.271000,2.395000,2.395000,0
2011-10-28,2.369000,2.373000,2.293000,2.306000,2.306000,0
2011-10-30,null,null,null,null,null,null
2011-10-31,2.236000,2.237000,2.175000,2.175000,2.175000,0
2011-11-01,2.029000,2.047000,1.956000,2.001000,2.001000,0
2011-11-02,2.050000,2.063000,1.991000,2.006000,2.006000,0
2011-11-03,2.045000,2.080000,2.017000,2.066000,2.066000,0
2011-11-04,2.084000,2.137000,2.024000,2.050000,2.050000,0
2011-11-06,null,null,null,null,null,null
2011-11-07,2.034000,2.056000,1.961000,1.994000,1.994000,0
2011-11-08,2.047000,2.068000,1.999000,2.065000,2.065000,0
2011-11-09,1.987000,2.012000,1.929000,1.955000,1.955000,0
2011-11-10,2.029000,2.108000,2.012000,2.056000,2.056000,0
2011-11-11,2.056000,2.056000,2.056000,2.056000,2.056000,0
2011-11-13,null,null,null,null,null,null
2011-11-14,2.097000,2.097000,2.026000,2.043000,2.043000,0
2011-11-15,2.010000,2.073000,1.995000,2.057000,2.057000,0
2011-11-16,2.038000,2.052000,2.007000,2.024000,2.024000,0
2011-11-17,1.986000,2.040000,1.938000,1.958000,1.958000,0
2011-11-18,2.005000,2.036000,1.984000,2.012000,2.012000,0
2011-11-20,null,null,null,null,null,null
2011-11-21,1.957000,1.974000,1.943000,1.962000,1.962000,0
2011-11-22,1.958000,1.988000,1.936000,1.939000,1.939000,0
2011-11-23,1.924000,1.964000,1.879000,1.879000,1.879000,0
2011-11-25,null,null,null,null,null,null
2011-11-27,null,null,null,null,null,null
2011-11-28,2.064000,2.080000,1.951000,1.958000,1.958000,0
2011-11-29,1.995000,2.047000,1.965000,1.996000,1.996000,0
2011-11-30,2.059000,2.107000,2.045000,2.068000,2.068000,0
2011-12-01,2.128000,2.140000,2.072000,2.117000,2.117000,0
2011-12-02,2.131000,2.156000,2.038000,2.042000,2.042000,0
2011-12-04,null,null,null,null,null,null
2011-12-05,2.082000,2.110000,2.042000,2.054000,2.054000,0
2011-12-06,2.068000,2.096000,2.054000,2.093000,2.093000,0
2011-12-07,2.073000,2.087000,2.014000,2.017000,2.017000,0
2011-12-08,2.059000,2.096000,1.972000,1.972000,1.972000,0
2011-12-09,1.996000,2.059000,1.972000,2.052000,2.052000,0
2011-12-11,null,null,null,null,null,null
2011-12-12,2.028000,2.030000,1.989000,2.009000,2.009000,0
2011-12-13,2.044000,2.059000,1.949000,1.962000,1.962000,0
2011-12-14,1.963000,1.970000,1.898000,1.901000,1.901000,0
2011-12-15,1.903000,1.942000,1.896000,1.913000,1.913000,0
2011-12-16,1.925000,1.925000,1.835000,1.854000,1.854000,0
2011-12-18,null,null,null,null,null,null
2011-12-19,1.858000,1.878000,1.801000,1.813000,1.813000,0
2011-12-20,1.847000,1.929000,1.847000,1.925000,1.925000,0
2011-12-21,1.908000,1.979000,1.897000,1.967000,1.967000,0
2011-12-22,1.956000,1.965000,1.920000,1.951000,1.951000,0
2011-12-23,1.972000,2.037000,1.958000,2.030000,2.030000,0
2011-12-25,null,null,null,null,null,null
2011-12-27,2.030000,2.031000,2.002000,2.009000,2.009000,0
2011-12-28,2.007000,2.009000,1.908000,1.908000,1.908000,0
2011-12-29,1.914000,1.941000,1.885000,1.897000,1.897000,0
2011-12-30,1.904000,1.904000,1.857000,1.871000,1.871000,0
2012-01-01,null,null,null,null,null,null
2012-01-03,1.951000,1.965000,1.914000,1.960000,1.960000,0
2012-01-04,1.937000,2.012000,1.933000,1.995000,1.995000,0
2012-01-05,1.991000,2.021000,1.944000,1.993000,1.993000,0
2012-01-06,2.003000,2.044000,1.946000,1.961000,1.961000,0
2012-01-08,null,null,null,null,null,null
2012-01-09,1.975000,1.986000,1.919000,1.960000,1.960000,0
2012-01-10,1.989000,2.009000,1.953000,1.972000,1.972000,0
2012-01-11,1.951000,1.951000,1.898000,1.904000,1.904000,0
2012-01-12,1.919000,1.942000,1.892000,1.933000,1.933000,0
2012-01-13,1.905000,1.905000,1.836000,1.853000,1.853000,0
2012-01-15,null,null,null,null,null,null
2012-01-17,1.900000,1.905000,1.846000,1.850000,1.850000,0
2012-01-18,1.857000,1.904000,1.836000,1.897000,1.897000,0
2012-01-19,1.926000,1.998000,1.917000,1.972000,1.972000,0
2012-01-20,1.993000,2.033000,1.984000,2.028000,2.028000,0
2012-01-22,null,null,null,null,null,null
2012-01-23,2.060000,2.094000,2.046000,2.067000,2.067000,0
2012-01-24,2.049000,2.085000,2.037000,2.064000,2.064000,0
2012-01-25,2.049000,2.069000,1.917000,2.007000,2.007000,0
2012-01-26,1.958000,1.979000,1.923000,1.931000,1.931000,0
2012-01-27,1.963000,1.970000,1.888000,1.898000,1.898000,0
2012-01-29,null,null,null,null,null,null
2012-01-30,1.842000,1.849000,1.814000,1.837000,1.837000,0
2012-01-31,1.851000,1.856000,1.797000,1.799000,1.799000,0
2012-02-01,1.807000,1.853000,1.800000,1.846000,1.846000,0
2012-02-02,1.819000,1.849000,1.813000,1.825000,1.825000,0
2012-02-03,1.816000,1.956000,1.812000,1.949000,1.949000,0
2012-02-05,null,null,null,null,null,null
2012-02-06,1.924000,1.945000,1.886000,1.901000,1.901000,0
2012-02-07,1.914000,1.991000,1.914000,1.966000,1.966000,0
2012-02-08,1.998000,2.000000,1.961000,1.975000,1.975000,0
2012-02-09,2.031000,2.080000,2.028000,2.047000,2.047000,0
2012-02-10,1.981000,1.995000,1.955000,1.969000,1.969000,0
2012-02-12,null,null,null,null,null,null
2012-02-13,2.000000,2.016000,1.959000,1.990000,1.990000,0
2012-02-14,1.969000,1.971000,1.917000,1.924000,1.924000,0
2012-02-15,1.934000,1.945000,1.900000,1.931000,1.931000,0
2012-02-16,1.919000,2.016000,1.917000,1.993000,1.993000,0
2012-02-17,2.030000,2.038000,2.007000,2.010000,2.010000,0
2012-02-19,null,null,null,null,null,null
2012-02-21,2.023000,2.080000,2.021000,2.045000,2.045000,0
2012-02-22,2.054000,2.054000,1.998000,2.005000,2.005000,0
2012-02-23,2.038000,2.045000,1.974000,1.984000,1.984000,0
2012-02-24,1.986000,1.991000,1.969000,1.977000,1.977000,0
2012-02-26,null,null,null,null,null,null
2012-02-27,1.939000,1.941000,1.912000,1.922000,1.922000,0
2012-02-28,1.926000,1.934000,1.896000,1.929000,1.929000,0
2012-02-29,1.919000,2.009000,1.917000,1.977000,1.977000,0
2012-03-01,2.033000,2.064000,2.019000,2.037000,2.037000,0
2012-03-02,2.007000,2.014000,1.970000,1.986000,1.986000,0
2012-03-04,null,null,null,null,null,null
2012-03-05,1.993000,2.007000,1.970000,2.005000,2.005000,0
2012-03-06,1.977000,1.977000,1.931000,1.944000,1.944000,0
2012-03-07,1.950000,1.984000,1.950000,1.972000,1.972000,0
2012-03-08,2.000000,2.024000,1.979000,2.014000,2.014000,0
2012-03-09,2.019000,2.059000,2.019000,2.038000,2.038000,0
2012-03-11,null,null,null,null,null,null
2012-03-12,2.003000,2.033000,1.989000,2.031000,2.031000,0
2012-03-13,2.052000,2.119000,2.052000,2.107000,2.107000,0
2012-03-14,2.187000,2.290000,2.169000,2.274000,2.274000,0
2012-03-15,2.332000,2.337000,2.253000,2.281000,2.281000,0
2012-03-16,2.332000,2.363000,2.292000,2.298000,2.298000,0
2012-03-18,null,null,null,null,null,null
2012-03-19,2.271000,2.390000,2.267000,2.379000,2.379000,0
2012-03-20,2.334000,2.397000,2.332000,2.372000,2.372000,0
2012-03-21,2.345000,2.347000,2.283000,2.294000,2.294000,0
2012-03-22,2.258000,2.294000,2.249000,2.275000,2.275000,0
2012-03-23,2.253000,2.260000,2.210000,2.237000,2.237000,0
2012-03-25,null,null,null,null,null,null
2012-03-26,2.269000,2.287000,2.241000,2.244000,2.244000,0
2012-03-27,2.232000,2.237000,2.182000,2.187000,2.187000,0
2012-03-28,2.212000,2.225000,2.159000,2.196000,2.196000,0
2012-03-29,2.193000,2.198000,2.148000,2.159000,2.159000,0
2012-03-30,2.152000,2.237000,2.141000,2.216000,2.216000,0
2012-04-01,null,null,null,null,null,null
2012-04-02,2.200000,2.207000,2.162000,2.193000,2.193000,0
2012-04-03,2.161000,2.284000,2.150000,2.284000,2.284000,0
2012-04-04,2.259000,2.263000,2.227000,2.243000,2.243000,0
2012-04-05,2.175000,2.209000,2.140000,2.175000,2.175000,0
2012-04-08,null,null,null,null,null,null
2012-04-09,2.032000,2.044000,2.019000,2.037000,2.037000,0
2012-04-10,2.047000,2.047000,1.965000,1.988000,1.988000,0
2012-04-11,2.026000,2.047000,2.017000,2.028000,2.028000,0
2012-04-12,2.037000,2.063000,2.012000,2.049000,2.049000,0
2012-04-13,2.014000,2.026000,1.981000,1.998000,1.998000,0
2012-04-15,null,null,null,null,null,null
2012-04-16,1.970000,1.998000,1.946000,1.974000,1.974000,0
2012-04-17,2.002000,2.016000,1.991000,2.009000,2.009000,0
2012-04-18,1.988000,1.991000,1.972000,1.982000,1.982000,0
2012-04-19,1.977000,1.979000,1.949000,1.952000,1.952000,0
2012-04-20,1.995000,1.996000,1.963000,1.970000,1.970000,0
2012-04-22,null,null,null,null,null,null
2012-04-23,1.923000,1.937000,1.910000,1.933000,1.933000,0
2012-04-24,1.954000,1.963000,1.937000,1.961000,1.961000,0
2012-04-25,1.988000,2.037000,1.966000,1.984000,1.984000,0
2012-04-26,1.954000,1.968000,1.930000,1.959000,1.959000,0
2012-04-27,1.951000,1.958000,1.926000,1.933000,1.933000,0
2012-04-29,null,null,null,null,null,null
2012-04-30,1.919000,1.924000,1.907000,1.915000,1.915000,0
2012-05-01,1.919000,1.961000,1.900000,1.956000,1.956000,0
2012-05-02,1.910000,1.938000,1.900000,1.922000,1.922000,0
2012-05-03,1.924000,1.956000,1.915000,1.924000,1.924000,0
2012-05-04,1.936000,1.954000,1.873000,1.880000,1.880000,0
2012-05-06,null,null,null,null,null,null
2012-05-07,1.873000,1.882000,1.859000,1.877000,1.877000,0
2012-05-08,1.854000,1.861000,1.816000,1.837000,1.837000,0
2012-05-09,1.800000,1.845000,1.793000,1.835000,1.835000,0
2012-05-10,1.895000,1.921000,1.883000,1.884000,1.884000,0
2012-05-11,1.851000,1.862000,1.838000,1.841000,1.841000,0
2012-05-13,null,null,null,null,null,null
2012-05-14,1.781000,1.798000,1.767000,1.788000,1.788000,0
2012-05-15,1.793000,1.810000,1.767000,1.777000,1.777000,0
2012-05-16,1.810000,1.819000,1.752000,1.765000,1.765000,0
2012-05-17,1.771000,1.776000,1.702000,1.702000,1.702000,0
2012-05-18,1.718000,1.743000,1.700000,1.702000,1.702000,0
2012-05-20,null,null,null,null,null,null
2012-05-21,1.735000,1.747000,1.723000,1.735000,1.735000,0
2012-05-22,1.793000,1.805000,1.781000,1.793000,1.793000,0
2012-05-23,1.743000,1.745000,1.707000,1.721000,1.721000,0
2012-05-24,1.753000,1.777000,1.750000,1.759000,1.759000,0
2012-05-25,1.762000,1.764000,1.740000,1.745000,1.745000,0
2012-05-27,null,null,null,null,null,null
2012-05-29,1.726000,1.740000,1.707000,1.731000,1.731000,0
2012-05-30,1.688000,1.688000,1.619000,1.625000,1.625000,0
2012-05-31,1.617000,1.617000,1.533000,1.581000,1.581000,0
2012-06-01,1.521000,1.526000,1.440000,1.467000,1.467000,0
2012-06-03,null,null,null,null,null,null
2012-06-04,1.500000,1.532000,1.487000,1.527000,1.527000,0
2012-06-05,1.547000,1.574000,1.532000,1.556000,1.556000,0
2012-06-06,1.590000,1.671000,1.554000,1.651000,1.651000,0
2012-06-07,1.675000,1.685000,1.632000,1.654000,1.654000,0
2012-06-08,1.566000,1.640000,1.562000,1.637000,1.637000,0
2012-06-10,null,null,null,null,null,null
2012-06-11,1.634000,1.657000,1.583000,1.600000,1.600000,0
2012-06-12,1.610000,1.668000,1.610000,1.661000,1.661000,0
2012-06-13,1.680000,1.686000,1.596000,1.599000,1.599000,0
2012-06-14,1.611000,1.645000,1.591000,1.611000,1.611000,0
2012-06-15,1.599000,1.606000,1.564000,1.587000,1.587000,0
2012-06-17,null,null,null,null,null,null
2012-06-18,1.567000,1.599000,1.560000,1.584000,1.584000,0
2012-06-19,1.582000,1.640000,1.577000,1.620000,1.620000,0
2012-06-20,1.645000,1.683000,1.601000,1.642000,1.642000,0
2012-06-21,1.635000,1.649000,1.596000,1.618000,1.618000,0
2012-06-22,1.643000,1.676000,1.640000,1.672000,1.672000,0
2012-06-24,null,null,null,null,null,null
2012-06-25,1.625000,1.628000,1.604000,1.608000,1.608000,0
2012-06-26,1.613000,1.652000,1.611000,1.628000,1.628000,0
2012-06-27,1.633000,1.650000,1.614000,1.621000,1.621000,0
2012-06-28,1.595000,1.599000,1.568000,1.577000,1.577000,0
2012-06-29,1.643000,1.676000,1.635000,1.659000,1.659000,0
2012-07-01,null,null,null,null,null,null
2012-07-02,1.643000,1.643000,1.556000,1.580000,1.580000,0
2012-07-03,null,null,null,null,null,null
2012-07-05,1.624000,1.624000,1.583000,1.597000,1.597000,0
2012-07-06,1.588000,1.590000,1.537000,1.544000,1.544000,0
2012-07-08,null,null,null,null,null,null
2012-07-09,1.524000,1.539000,1.507000,1.513000,1.513000,0
2012-07-10,1.525000,1.527000,1.498000,1.498000,1.498000,0
2012-07-11,1.508000,1.515000,1.452000,1.498000,1.498000,0
2012-07-12,1.491000,1.501000,1.478000,1.479000,1.479000,0
2012-07-13,1.483000,1.516000,1.483000,1.499000,1.499000,0
2012-07-15,null,null,null,null,null,null
2012-07-16,1.477000,1.477000,1.442000,1.464000,1.464000,0
2012-07-17,1.489000,1.508000,1.469000,1.501000,1.501000,0
2012-07-18,1.481000,1.491000,1.472000,1.479000,1.479000,0
2012-07-19,1.513000,1.523000,1.487000,1.515000,1.515000,0
2012-07-20,1.474000,1.477000,1.447000,1.460000,1.460000,0
2012-07-22,null,null,null,null,null,null
2012-07-23,1.404000,1.443000,1.404000,1.435000,1.435000,0
2012-07-24,1.440000,1.465000,1.394000,1.404000,1.404000,0
2012-07-25,1.428000,1.433000,1.397000,1.406000,1.406000,0
2012-07-26,1.426000,1.445000,1.416000,1.428000,1.428000,0
2012-07-27,1.471000,1.589000,1.470000,1.555000,1.555000,0
2012-07-29,null,null,null,null,null,null
2012-07-30,1.541000,1.545000,1.504000,1.504000,1.504000,0
2012-07-31,1.478000,1.521000,1.466000,1.492000,1.492000,0
2012-08-01,1.492000,1.539000,1.476000,1.539000,1.539000,0
2012-08-02,1.546000,1.575000,1.449000,1.478000,1.478000,0
2012-08-03,1.512000,1.592000,1.512000,1.577000,1.577000,0
2012-08-05,null,null,null,null,null,null
2012-08-06,1.558000,1.558000,1.530000,1.558000,1.558000,0
2012-08-07,1.596000,1.642000,1.596000,1.628000,1.628000,0
2012-08-08,1.621000,1.656000,1.608000,1.640000,1.640000,0
2012-08-09,1.693000,1.729000,1.676000,1.688000,1.688000,0
2012-08-10,1.645000,1.659000,1.630000,1.649000,1.649000,0
2012-08-12,null,null,null,null,null,null
2012-08-13,1.661000,1.669000,1.630000,1.654000,1.654000,0
2012-08-14,1.685000,1.731000,1.681000,1.726000,1.726000,0
2012-08-15,1.777000,1.812000,1.750000,1.805000,1.805000,0
2012-08-16,1.812000,1.861000,1.786000,1.836000,1.836000,0
2012-08-17,1.823000,1.826000,1.797000,1.816000,1.816000,0
2012-08-19,null,null,null,null,null,null
2012-08-20,1.835000,1.837000,1.795000,1.814000,1.814000,0
2012-08-21,1.837000,1.863000,1.804000,1.805000,1.805000,0
2012-08-22,1.769000,1.769000,1.710000,1.719000,1.719000,0
2012-08-23,1.702000,1.709000,1.659000,1.666000,1.666000,0
2012-08-24,1.649000,1.683000,1.632000,1.678000,1.678000,0
2012-08-26,null,null,null,null,null,null
2012-08-27,1.678000,1.678000,1.644000,1.649000,1.649000,0
2012-08-28,1.635000,1.644000,1.615000,1.630000,1.630000,0
2012-08-29,1.640000,1.675000,1.637000,1.654000,1.654000,0
2012-08-30,1.642000,1.642000,1.610000,1.620000,1.620000,0
2012-08-31,1.644000,1.649000,1.562000,1.562000,1.562000,0
2012-09-02,null,null,null,null,null,null
2012-09-04,1.565000,1.589000,1.548000,1.581000,1.581000,0
2012-09-05,1.572000,1.598000,1.569000,1.594000,1.594000,0
2012-09-06,1.644000,1.682000,1.634000,1.673000,1.673000,0
2012-09-07,1.726000,1.733000,1.589000,1.661000,1.661000,0
2012-09-09,null,null,null,null,null,null
2012-09-10,1.680000,1.690000,1.659000,1.683000,1.683000,0
2012-09-11,1.676000,1.704000,1.670000,1.695000,1.695000,0
2012-09-12,1.733000,1.773000,1.732000,1.765000,1.765000,0
2012-09-13,1.735000,1.836000,1.714000,1.756000,1.756000,0
2012-09-14,1.826000,1.892000,1.796000,1.870000,1.870000,0
2012-09-16,null,null,null,null,null,null
2012-09-17,1.847000,1.864000,1.821000,1.838000,1.838000,0
2012-09-18,1.800000,1.812000,1.780000,1.812000,1.812000,0
2012-09-19,1.791000,1.801000,1.765000,1.782000,1.782000,0
2012-09-20,1.744000,1.786000,1.723000,1.777000,1.777000,0
2012-09-21,1.782000,1.793000,1.751000,1.760000,1.760000,0
2012-09-23,null,null,null,null,null,null
2012-09-24,1.725000,1.732000,1.706000,1.718000,1.718000,0
2012-09-25,1.699000,1.734000,1.682000,1.682000,1.682000,0
2012-09-26,1.639000,1.647000,1.615000,1.618000,1.618000,0
2012-09-27,1.640000,1.658000,1.621000,1.640000,1.640000,0
2012-09-28,1.618000,1.651000,1.599000,1.637000,1.637000,0
2012-09-30,null,null,null,null,null,null
2012-10-01,1.620000,1.649000,1.613000,1.625000,1.625000,0
2012-10-02,1.647000,1.649000,1.611000,1.615000,1.615000,0
2012-10-03,1.621000,1.640000,1.613000,1.623000,1.623000,0
2012-10-04,1.640000,1.665000,1.628000,1.665000,1.665000,0
2012-10-05,1.680000,1.741000,1.678000,1.732000,1.732000,0
2012-10-07,null,null,null,null,null,null
2012-10-08,1.746000,1.746000,1.746000,1.746000,1.746000,0
2012-10-09,1.720000,1.729000,1.692000,1.720000,1.720000,0
2012-10-10,1.746000,1.750000,1.679000,1.691000,1.691000,0
2012-10-11,1.698000,1.732000,1.672000,1.675000,1.675000,0
2012-10-12,1.679000,1.679000,1.634000,1.663000,1.663000,0
2012-10-14,null,null,null,null,null,null
2012-10-15,1.677000,1.689000,1.651000,1.663000,1.663000,0
2012-10-16,1.696000,1.726000,1.696000,1.720000,1.720000,0
2012-10-17,1.755000,1.811000,1.755000,1.811000,1.811000,0
2012-10-18,1.810000,1.826000,1.783000,1.826000,1.826000,0
2012-10-19,1.799000,1.819000,1.761000,1.768000,1.768000,0
2012-10-21,null,null,null,null,null,null
2012-10-22,1.803000,1.815000,1.784000,1.798000,1.798000,0
2012-10-23,1.775000,1.775000,1.750000,1.764000,1.764000,0
2012-10-24,1.778000,1.792000,1.763000,1.775000,1.775000,0
2012-10-25,1.838000,1.852000,1.798000,1.828000,1.828000,0
2012-10-26,1.782000,1.796000,1.749000,1.750000,1.750000,0
2012-10-28,null,null,null,null,null,null
2012-10-31,1.733000,1.735000,1.686000,1.686000,1.686000,0
2012-11-01,1.715000,1.738000,1.705000,1.715000,1.715000,0
2012-11-02,1.719000,1.779000,1.717000,1.726000,1.726000,0
2012-11-04,null,null,null,null,null,null
2012-11-05,1.691000,1.695000,1.674000,1.684000,1.684000,0
2012-11-06,1.703000,1.749000,1.691000,1.742000,1.742000,0
2012-11-07,1.641000,1.651000,1.618000,1.632000,1.632000,0
2012-11-08,1.676000,1.697000,1.617000,1.632000,1.632000,0
2012-11-09,1.593000,1.642000,1.589000,1.613000,1.613000,0
2012-11-11,null,null,null,null,null,null
2012-11-12,1.611000,1.611000,1.611000,1.611000,1.611000,0
2012-11-13,1.601000,1.608000,1.579000,1.589000,1.589000,0
2012-11-14,1.615000,1.630000,1.586000,1.589000,1.589000,0
2012-11-15,1.610000,1.613000,1.572000,1.589000,1.589000,0
2012-11-16,1.588000,1.599000,1.556000,1.574000,1.574000,0
2012-11-18,null,null,null,null,null,null
2012-11-19,1.611000,1.627000,1.606000,1.611000,1.611000,0
2012-11-20,1.623000,1.661000,1.618000,1.656000,1.656000,0
2012-11-21,1.676000,1.695000,1.671000,1.687000,1.687000,0
2012-11-23,null,null,null,null,null,null
2012-11-25,null,null,null,null,null,null
2012-11-26,1.663000,1.666000,1.640000,1.664000,1.664000,0
2012-11-27,1.659000,1.675000,1.639000,1.645000,1.645000,0
2012-11-28,1.615000,1.628000,1.601000,1.617000,1.617000,0
2012-11-29,1.642000,1.644000,1.611000,1.620000,1.620000,0
2012-11-30,1.605000,1.623000,1.596000,1.606000,1.606000,0
2012-12-02,null,null,null,null,null,null
2012-12-03,1.644000,1.656000,1.625000,1.628000,1.628000,0
2012-12-04,1.630000,1.630000,1.599000,1.608000,1.608000,0
2012-12-05,1.598000,1.603000,1.575000,1.591000,1.591000,0
2012-12-06,1.581000,1.582000,1.564000,1.581000,1.581000,0
2012-12-07,1.577000,1.633000,1.572000,1.627000,1.627000,0
2012-12-09,null,null,null,null,null,null
2012-12-10,1.610000,1.627000,1.599000,1.616000,1.616000,0
2012-12-11,1.640000,1.659000,1.640000,1.649000,1.649000,0
2012-12-12,1.656000,1.704000,1.635000,1.697000,1.697000,0
2012-12-13,1.702000,1.744000,1.702000,1.728000,1.728000,0
2012-12-14,1.728000,1.728000,1.695000,1.708000,1.708000,0
2012-12-16,null,null,null,null,null,null
2012-12-17,1.706000,1.763000,1.706000,1.763000,1.763000,0
2012-12-18,1.784000,1.847000,1.772000,1.827000,1.827000,0
2012-12-19,1.819000,1.824000,1.775000,1.800000,1.800000,0
2012-12-20,1.791000,1.807000,1.770000,1.800000,1.800000,0
2012-12-21,1.760000,1.760000,1.737000,1.754000,1.754000,0
2012-12-23,null,null,null,null,null,null
2012-12-24,null,null,null,null,null,null
2012-12-26,1.779000,1.779000,1.746000,1.758000,1.758000,0
2012-12-27,1.765000,1.772000,1.702000,1.715000,1.715000,0
2012-12-28,1.706000,1.723000,1.699000,1.711000,1.711000,0
2012-12-30,null,null,null,null,null,null
2012-12-31,1.696000,1.765000,1.694000,1.756000,1.756000,0
2013-01-02,1.842000,1.860000,1.825000,1.839000,1.839000,0
2013-01-03,1.844000,1.911000,1.835000,1.899000,1.899000,0
2013-01-04,1.952000,1.965000,1.911000,1.915000,1.915000,0
2013-01-06,null,null,null,null,null,null
2013-01-07,1.904000,1.917000,1.892000,1.903000,1.903000,0
2013-01-08,1.894000,1.894000,1.864000,1.871000,1.871000,0
2013-01-09,1.871000,1.876000,1.846000,1.852000,1.852000,0
2013-01-10,1.889000,1.908000,1.875000,1.894000,1.894000,0
2013-01-11,1.891000,1.930000,1.868000,1.875000,1.875000,0
2013-01-13,null,null,null,null,null,null
2013-01-14,1.836000,1.864000,1.834000,1.857000,1.857000,0
2013-01-15,1.822000,1.833000,1.811000,1.831000,1.831000,0
2013-01-16,1.836000,1.836000,1.803000,1.824000,1.824000,0
2013-01-17,1.838000,1.891000,1.838000,1.875000,1.875000,0
2013-01-18,1.866000,1.866000,1.835000,1.843000,1.843000,0
2013-01-20,null,null,null,null,null,null
2013-01-22,1.865000,1.874000,1.829000,1.835000,1.835000,0
2013-01-23,1.842000,1.842000,1.813000,1.833000,1.833000,0
2013-01-24,1.812000,1.870000,1.812000,1.844000,1.844000,0
2013-01-25,1.917000,1.950000,1.904000,1.947000,1.947000,0
2013-01-27,null,null,null,null,null,null
2013-01-28,1.958000,2.006000,1.958000,1.974000,1.974000,0
2013-01-29,1.961000,1.999000,1.949000,1.988000,1.988000,0
2013-01-30,2.010000,2.037000,1.974000,2.006000,2.006000,0
2013-01-31,1.974000,2.006000,1.971000,1.985000,1.985000,0
2013-02-01,2.010000,2.036000,1.926000,2.010000,2.010000,0
2013-02-03,null,null,null,null,null,null
2013-02-04,2.003000,2.007000,1.951000,1.973000,1.973000,0
2013-02-05,2.007000,2.020000,2.000000,2.016000,2.016000,0
2013-02-06,1.978000,1.996000,1.962000,1.968000,1.968000,0
2013-02-07,1.980000,1.980000,1.937000,1.951000,1.951000,0
2013-02-08,1.939000,1.991000,1.936000,1.954000,1.954000,0
2013-02-10,null,null,null,null,null,null
2013-02-11,1.966000,1.966000,1.945000,1.946000,1.946000,0
2013-02-12,1.972000,1.986000,1.963000,1.982000,1.982000,0
2013-02-13,2.011000,2.033000,1.999000,2.019000,2.019000,0
2013-02-14,2.035000,2.054000,1.995000,2.000000,2.000000,0
2013-02-15,2.000000,2.037000,2.000000,2.007000,2.007000,0
2013-02-17,null,null,null,null,null,null
2013-02-19,2.007000,2.028000,1.988000,2.026000,2.026000,0
2013-02-20,2.035000,2.052000,2.009000,2.021000,2.021000,0
2013-02-21,1.993000,1.993000,1.957000,1.976000,1.976000,0
2013-02-22,1.981000,1.988000,1.958000,1.967000,1.967000,0
2013-02-24,null,null,null,null,null,null
2013-02-25,1.979000,2.002000,1.874000,1.895000,1.895000,0
2013-02-26,1.864000,1.895000,1.843000,1.879000,1.879000,0
2013-02-27,1.860000,1.903000,1.843000,1.903000,1.903000,0
2013-02-28,1.876000,1.907000,1.872000,1.888000,1.888000,0
2013-03-01,1.850000,1.869000,1.841000,1.853000,1.853000,0
2013-03-03,null,null,null,null,null,null
2013-03-04,1.839000,1.879000,1.839000,1.877000,1.877000,0
2013-03-05,1.899000,1.910000,1.886000,1.894000,1.894000,0
2013-03-06,1.932000,1.944000,1.919000,1.938000,1.938000,0
2013-03-07,1.939000,1.995000,1.939000,1.991000,1.991000,0
2013-03-08,2.012000,2.086000,2.003000,2.056000,2.056000,0
2013-03-10,null,null,null,null,null,null
2013-03-11,2.044000,2.063000,2.042000,2.056000,2.056000,0
2013-03-12,2.038000,2.040000,2.012000,2.023000,2.023000,0
2013-03-13,2.007000,2.052000,2.005000,2.021000,2.021000,0
2013-03-14,2.054000,2.068000,2.019000,2.033000,2.033000,0
2013-03-15,2.035000,2.042000,1.991000,1.996000,1.996000,0
2013-03-17,null,null,null,null,null,null
2013-03-18,1.993000,1.993000,1.941000,1.956000,1.956000,0
2013-03-19,1.944000,1.948000,1.892000,1.908000,1.908000,0
2013-03-20,1.941000,1.953000,1.929000,1.937000,1.937000,0
2013-03-21,1.949000,1.958000,1.922000,1.932000,1.932000,0
2013-03-22,1.913000,1.944000,1.911000,1.915000,1.915000,0
2013-03-24,null,null,null,null,null,null
2013-03-25,1.967000,1.972000,1.895000,1.915000,1.915000,0
2013-03-26,1.930000,1.944000,1.901000,1.906000,1.906000,0
2013-03-27,1.857000,1.869000,1.833000,1.851000,1.851000,0
2013-03-28,1.864000,1.868000,1.843000,1.852000,1.852000,0
2013-03-29,null,null,null,null,null,null
2013-03-31,null,null,null,null,null,null
2013-04-01,1.885000,1.888000,1.831000,1.840000,1.840000,0
2013-04-02,1.835000,1.868000,1.835000,1.861000,1.861000,0
2013-04-03,1.857000,1.857000,1.797000,1.812000,1.812000,0
2013-04-04,1.795000,1.795000,1.757000,1.759000,1.759000,0
2013-04-05,1.750000,1.757000,1.677000,1.694000,1.694000,0
2013-04-07,null,null,null,null,null,null
2013-04-08,1.723000,1.732000,1.708000,1.732000,1.732000,0
2013-04-09,1.750000,1.752000,1.723000,1.747000,1.747000,0
2013-04-10,1.767000,1.805000,1.766000,1.805000,1.805000,0
2013-04-11,1.798000,1.805000,1.781000,1.791000,1.791000,0
2013-04-12,1.757000,1.760000,1.719000,1.721000,1.721000,0
2013-04-14,null,null,null,null,null,null
2013-04-15,1.709000,1.728000,1.698000,1.702000,1.702000,0
2013-04-16,1.728000,1.734000,1.709000,1.719000,1.719000,0
2013-04-17,1.707000,1.722000,1.673000,1.704000,1.704000,0
2013-04-18,1.712000,1.712000,1.679000,1.685000,1.685000,0
2013-04-19,1.700000,1.712000,1.691000,1.703000,1.703000,0
2013-04-21,null,null,null,null,null,null
2013-04-22,1.715000,1.715000,1.681000,1.698000,1.698000,0
2013-04-23,1.674000,1.708000,1.643000,1.698000,1.698000,0
2013-04-24,1.712000,1.713000,1.693000,1.698000,1.698000,0
2013-04-25,1.710000,1.727000,1.710000,1.711000,1.711000,0
2013-04-26,1.689000,1.689000,1.662000,1.663000,1.663000,0
2013-04-28,null,null,null,null,null,null
2013-04-29,1.663000,1.668000,1.651000,1.668000,1.668000,0
2013-04-30,1.651000,1.679000,1.638000,1.675000,1.675000,0
2013-05-01,1.658000,1.658000,1.614000,1.639000,1.639000,0
2013-05-02,1.643000,1.665000,1.624000,1.631000,1.631000,0
2013-05-03,1.627000,1.752000,1.627000,1.752000,1.752000,0
2013-05-05,null,null,null,null,null,null
2013-05-06,1.747000,1.776000,1.738000,1.771000,1.771000,0
2013-05-07,1.776000,1.790000,1.773000,1.783000,1.783000,0
2013-05-08,1.790000,1.792000,1.750000,1.760000,1.760000,0
2013-05-09,1.782000,1.817000,1.776000,1.813000,1.813000,0
2013-05-10,1.848000,1.928000,1.838000,1.900000,1.900000,0
2013-05-12,null,null,null,null,null,null
2013-05-13,1.912000,1.942000,1.912000,1.923000,1.923000,0
2013-05-14,1.907000,1.964000,1.895000,1.952000,1.952000,0
2013-05-15,1.956000,1.975000,1.921000,1.943000,1.943000,0
2013-05-16,1.949000,1.958000,1.858000,1.865000,1.865000,0
2013-05-17,1.881000,1.956000,1.881000,1.949000,1.949000,0
2013-05-19,null,null,null,null,null,null
2013-05-20,1.935000,1.975000,1.919000,1.965000,1.965000,0
2013-05-21,1.961000,1.998000,1.925000,1.944000,1.944000,0
2013-05-22,1.928000,2.042000,1.888000,2.026000,2.026000,0
2013-05-23,2.012000,2.051000,1.982000,2.023000,2.023000,0
2013-05-24,2.011000,2.030000,1.981000,2.011000,2.011000,0
2013-05-26,null,null,null,null,null,null
2013-05-28,2.042000,2.137000,2.041000,2.135000,2.135000,0
2013-05-29,2.147000,2.167000,2.121000,2.124000,2.124000,0
2013-05-30,2.147000,2.158000,2.094000,2.124000,2.124000,0
2013-05-31,2.092000,2.211000,2.084000,2.164000,2.164000,0
2013-06-02,null,null,null,null,null,null
2013-06-03,2.168000,2.169000,2.086000,2.134000,2.134000,0
2013-06-04,2.135000,2.164000,2.119000,2.137000,2.137000,0
2013-06-05,2.107000,2.128000,2.084000,2.100000,2.100000,0
2013-06-06,2.082000,2.127000,1.999000,2.075000,2.075000,0
2013-06-07,2.093000,2.170000,2.047000,2.161000,2.161000,0
2013-06-09,null,null,null,null,null,null
2013-06-10,2.186000,2.231000,2.175000,2.215000,2.215000,0
2013-06-11,2.269000,2.269000,2.174000,2.195000,2.195000,0
2013-06-12,2.190000,2.230000,2.167000,2.230000,2.230000,0
2013-06-13,2.230000,2.230000,2.165000,2.174000,2.174000,0
2013-06-14,2.122000,2.147000,2.099000,2.126000,2.126000,0
2013-06-16,null,null,null,null,null,null
2013-06-17,2.117000,2.175000,2.115000,2.171000,2.171000,0
2013-06-18,2.198000,2.218000,2.171000,2.182000,2.182000,0
2013-06-19,2.175000,2.329000,2.167000,2.311000,2.311000,0
2013-06-20,2.417000,2.447000,2.362000,2.419000,2.419000,0
2013-06-21,2.392000,2.514000,2.385000,2.514000,2.514000,0
2013-06-23,null,null,null,null,null,null
2013-06-24,2.653000,2.657000,2.518000,2.548000,2.548000,0
2013-06-25,2.500000,2.608000,2.500000,2.589000,2.589000,0
2013-06-26,2.567000,2.582000,2.507000,2.539000,2.539000,0
2013-06-27,2.498000,2.522000,2.466000,2.483000,2.483000,0
2013-06-28,2.497000,2.551000,2.478000,2.478000,2.478000,0
2013-06-30,null,null,null,null,null,null
2013-07-01,2.521000,2.533000,2.473000,2.490000,2.490000,0
2013-07-02,2.477000,2.495000,2.460000,2.469000,2.469000,0
2013-07-03,null,null,null,null,null,null
2013-07-05,2.569000,2.725000,2.551000,2.715000,2.715000,0
2013-07-07,null,null,null,null,null,null
2013-07-08,2.723000,2.723000,2.643000,2.645000,2.645000,0
2013-07-09,2.636000,2.651000,2.617000,2.630000,2.630000,0
2013-07-10,2.625000,2.691000,2.623000,2.680000,2.680000,0
2013-07-11,2.587000,2.614000,2.566000,2.574000,2.574000,0
2013-07-12,2.541000,2.605000,2.520000,2.601000,2.601000,0
2013-07-14,null,null,null,null,null,null
2013-07-15,2.635000,2.637000,2.543000,2.556000,2.556000,0
2013-07-16,2.521000,2.550000,2.521000,2.532000,2.532000,0
2013-07-17,2.543000,2.554000,2.461000,2.491000,2.491000,0
2013-07-18,2.482000,2.542000,2.480000,2.534000,2.534000,0
2013-07-19,2.535000,2.535000,2.484000,2.491000,2.491000,0
2013-07-21,null,null,null,null,null,null
2013-07-22,2.475000,2.494000,2.465000,2.488000,2.488000,0
2013-07-23,2.522000,2.533000,2.496000,2.516000,2.516000,0
2013-07-24,2.556000,2.626000,2.554000,2.588000,2.588000,0
2013-07-25,2.600000,2.634000,2.588000,2.607000,2.607000,0
2013-07-26,2.581000,2.581000,2.545000,2.561000,2.561000,0
2013-07-28,null,null,null,null,null,null
2013-07-29,2.563000,2.604000,2.563000,2.585000,2.585000,0
2013-07-30,2.591000,2.608000,2.572000,2.603000,2.603000,0
2013-07-31,2.656000,2.702000,2.590000,2.593000,2.593000,0
2013-08-01,2.601000,2.723000,2.599000,2.723000,2.723000,0
2013-08-02,2.737000,2.737000,2.598000,2.602000,2.602000,0
2013-08-04,null,null,null,null,null,null
2013-08-05,2.617000,2.661000,2.617000,2.640000,2.640000,0
2013-08-06,2.635000,2.665000,2.633000,2.642000,2.642000,0
2013-08-07,2.642000,2.642000,2.587000,2.600000,2.600000,0
2013-08-08,2.599000,2.612000,2.575000,2.587000,2.587000,0
2013-08-09,2.587000,2.611000,2.577000,2.580000,2.580000,0
2013-08-11,null,null,null,null,null,null
2013-08-12,2.591000,2.607000,2.552000,2.605000,2.605000,0
2013-08-13,2.667000,2.728000,2.667000,2.715000,2.715000,0
2013-08-14,2.719000,2.721000,2.697000,2.712000,2.712000,0
2013-08-15,2.755000,2.821000,2.735000,2.755000,2.755000,0
2013-08-16,2.799000,2.864000,2.767000,2.829000,2.829000,0
2013-08-18,null,null,null,null,null,null
2013-08-19,2.846000,2.899000,2.836000,2.884000,2.884000,0
2013-08-20,2.811000,2.838000,2.811000,2.814000,2.814000,0
2013-08-21,2.818000,2.884000,2.811000,2.855000,2.855000,0
2013-08-22,2.916000,2.920000,2.873000,2.901000,2.901000,0
2013-08-23,2.910000,2.916000,2.804000,2.818000,2.818000,0
2013-08-25,null,null,null,null,null,null
2013-08-26,2.824000,2.829000,2.784000,2.805000,2.805000,0
2013-08-27,2.763000,2.765000,2.707000,2.721000,2.721000,0
2013-08-28,2.751000,2.795000,2.745000,2.782000,2.782000,0
2013-08-29,2.798000,2.830000,2.743000,2.751000,2.751000,0
2013-08-30,2.769000,2.784000,2.744000,2.749000,2.749000,0
2013-09-01,null,null,null,null,null,null
2013-09-03,2.837000,2.911000,2.832000,2.848000,2.848000,0
2013-09-04,2.874000,2.908000,2.849000,2.897000,2.897000,0
2013-09-05,2.898000,2.984000,2.898000,2.979000,2.979000,0
2013-09-06,2.957000,2.972000,2.864000,2.938000,2.938000,0
2013-09-08,null,null,null,null,null,null
2013-09-09,2.905000,2.912000,2.875000,2.897000,2.897000,0
2013-09-10,2.949000,2.966000,2.925000,2.959000,2.959000,0
2013-09-11,2.940000,2.968000,2.908000,2.920000,2.920000,0
2013-09-12,2.894000,2.912000,2.862000,2.907000,2.907000,0
2013-09-13,2.920000,2.920000,2.879000,2.898000,2.898000,0
2013-09-15,null,null,null,null,null,null
2013-09-16,2.809000,2.875000,2.777000,2.874000,2.874000,0
2013-09-17,2.849000,2.874000,2.831000,2.853000,2.853000,0
2013-09-18,2.855000,2.898000,2.702000,2.708000,2.708000,0
2013-09-19,2.697000,2.752000,2.693000,2.748000,2.748000,0
2013-09-20,2.774000,2.774000,2.717000,2.732000,2.732000,0
2013-09-22,null,null,null,null,null,null
2013-09-23,2.739000,2.739000,2.699000,2.714000,2.714000,0
2013-09-24,2.692000,2.695000,2.644000,2.653000,2.653000,0
2013-09-25,2.657000,2.666000,2.614000,2.614000,2.614000,0
2013-09-26,2.637000,2.659000,2.634000,2.643000,2.643000,0
2013-09-27,2.634000,2.641000,2.604000,2.619000,2.619000,0
2013-09-29,null,null,null,null,null,null
2013-09-30,2.606000,2.644000,2.599000,2.615000,2.615000,0
2013-10-01,2.646000,2.650000,2.621000,2.646000,2.646000,0
2013-10-02,2.614000,2.628000,2.594000,2.626000,2.626000,0
2013-10-03,2.635000,2.639000,2.581000,2.606000,2.606000,0
2013-10-04,2.623000,2.658000,2.619000,2.652000,2.652000,0
2013-10-06,null,null,null,null,null,null
2013-10-07,2.621000,2.634000,2.607000,2.634000,2.634000,0
2013-10-08,2.654000,2.659000,2.616000,2.636000,2.636000,0
2013-10-09,2.638000,2.674000,2.636000,2.650000,2.650000,0
2013-10-10,2.703000,2.722000,2.685000,2.685000,2.685000,0
2013-10-11,2.683000,2.683000,2.645000,2.682000,2.682000,0
2013-10-13,null,null,null,null,null,null
2013-10-14,2.691000,2.691000,2.691000,2.691000,2.691000,0
2013-10-15,2.717000,2.733000,2.693000,2.720000,2.720000,0
2013-10-16,2.737000,2.757000,2.667000,2.671000,2.671000,0
2013-10-17,2.627000,2.631000,2.581000,2.587000,2.587000,0
2013-10-18,2.574000,2.596000,2.565000,2.589000,2.589000,0
2013-10-20,null,null,null,null,null,null
2013-10-21,2.601000,2.620000,2.589000,2.609000,2.609000,0
2013-10-22,2.583000,2.587000,2.512000,2.512000,2.512000,0
2013-10-23,2.493000,2.509000,2.471000,2.485000,2.485000,0
2013-10-24,2.485000,2.522000,2.474000,2.522000,2.522000,0
2013-10-25,2.518000,2.520000,2.496000,2.503000,2.503000,0
2013-10-27,null,null,null,null,null,null
2013-10-28,2.512000,2.522000,2.500000,2.512000,2.512000,0
2013-10-29,2.518000,2.536000,2.505000,2.507000,2.507000,0
2013-10-30,2.491000,2.549000,2.473000,2.527000,2.527000,0
2013-10-31,2.518000,2.571000,2.502000,2.542000,2.542000,0
2013-11-01,2.589000,2.629000,2.572000,2.620000,2.620000,0
2013-11-03,null,null,null,null,null,null
2013-11-04,2.607000,2.607000,2.589000,2.602000,2.602000,0
2013-11-05,2.618000,2.677000,2.618000,2.662000,2.662000,0
2013-11-06,2.660000,2.660000,2.631000,2.640000,2.640000,0
2013-11-07,2.616000,2.646000,2.596000,2.613000,2.613000,0
2013-11-08,2.618000,2.763000,2.618000,2.746000,2.746000,0
2013-11-10,null,null,null,null,null,null
2013-11-11,2.751000,2.751000,2.751000,2.751000,2.751000,0
2013-11-12,2.763000,2.781000,2.753000,2.768000,2.768000,0
2013-11-13,2.742000,2.742000,2.720000,2.725000,2.725000,0
2013-11-14,2.723000,2.739000,2.686000,2.702000,2.702000,0
2013-11-15,2.728000,2.732000,2.693000,2.709000,2.709000,0
2013-11-17,null,null,null,null,null,null
2013-11-18,2.703000,2.705000,2.669000,2.678000,2.678000,0
2013-11-19,2.687000,2.716000,2.680000,2.712000,2.712000,0
2013-11-20,2.723000,2.795000,2.687000,2.792000,2.792000,0
2013-11-21,2.799000,2.839000,2.777000,2.784000,2.784000,0
2013-11-22,2.775000,2.782000,2.746000,2.752000,2.752000,0
2013-11-24,null,null,null,null,null,null
2013-11-25,2.755000,2.766000,2.728000,2.741000,2.741000,0
2013-11-26,2.712000,2.734000,2.694000,2.696000,2.696000,0
2013-11-27,2.721000,2.770000,2.710000,2.736000,2.736000,0
2013-11-29,null,null,null,null,null,null
2013-12-01,null,null,null,null,null,null
2013-12-02,2.781000,2.810000,2.768000,2.801000,2.801000,0
2013-12-03,2.777000,2.784000,2.759000,2.775000,2.775000,0
2013-12-04,2.828000,2.852000,2.824000,2.841000,2.841000,0
2013-12-05,2.841000,2.873000,2.841000,2.862000,2.862000,0
2013-12-06,2.868000,2.932000,2.841000,2.883000,2.883000,0
2013-12-08,null,null,null,null,null,null
2013-12-09,2.846000,2.857000,2.835000,2.857000,2.857000,0
2013-12-10,2.819000,2.822000,2.792000,2.797000,2.797000,0
2013-12-11,2.817000,2.846000,2.806000,2.844000,2.844000,0
2013-12-12,2.859000,2.888000,2.853000,2.877000,2.877000,0
2013-12-13,2.870000,2.879000,2.854000,2.868000,2.868000,0
2013-12-15,null,null,null,null,null,null
2013-12-16,2.848000,2.887000,2.839000,2.877000,2.877000,0
2013-12-17,2.876000,2.887000,2.839000,2.843000,2.843000,0
2013-12-18,2.861000,2.929000,2.824000,2.885000,2.885000,0
2013-12-19,2.883000,2.951000,2.883000,2.925000,2.925000,0
2013-12-20,2.946000,2.966000,2.880000,2.887000,2.887000,0
2013-12-22,null,null,null,null,null,null
2013-12-23,2.916000,2.933000,2.896000,2.929000,2.929000,0
2013-12-24,null,null,null,null,null,null
2013-12-26,2.981000,3.000000,2.981000,2.990000,2.990000,0
2013-12-27,3.019000,3.019000,2.981000,3.006000,3.006000,0
2013-12-29,null,null,null,null,null,null
2013-12-30,2.991000,2.991000,2.967000,2.976000,2.976000,0
2013-12-31,2.985000,3.036000,2.983000,3.026000,3.026000,0
2014-01-02,3.028000,3.034000,2.978000,2.985000,2.985000,0
2014-01-03,2.998000,3.012000,2.971000,2.995000,2.995000,0
2014-01-05,null,null,null,null,null,null
2014-01-06,2.976000,2.984000,2.946000,2.961000,2.961000,0
2014-01-07,2.956000,2.965000,2.937000,2.937000,2.937000,0
2014-01-08,2.984000,3.010000,2.976000,2.993000,2.993000,0
2014-01-09,2.986000,3.001000,2.963000,2.963000,2.963000,0
2014-01-10,2.956000,2.969000,2.858000,2.860000,2.860000,0
2014-01-12,null,null,null,null,null,null
2014-01-13,2.854000,2.865000,2.819000,2.827000,2.827000,0
2014-01-14,2.847000,2.875000,2.840000,2.869000,2.869000,0
2014-01-15,2.864000,2.912000,2.860000,2.884000,2.884000,0
2014-01-16,2.880000,2.880000,2.838000,2.843000,2.843000,0
2014-01-17,2.834000,2.860000,2.827000,2.827000,2.827000,0
2014-01-19,null,null,null,null,null,null
2014-01-21,2.843000,2.845000,2.819000,2.825000,2.825000,0
2014-01-22,2.849000,2.860000,2.836000,2.860000,2.860000,0
2014-01-23,2.838000,2.838000,2.759000,2.773000,2.773000,0
2014-01-24,2.737000,2.761000,2.717000,2.735000,2.735000,0
2014-01-26,null,null,null,null,null,null
2014-01-27,2.750000,2.766000,2.722000,2.766000,2.766000,0
2014-01-28,2.779000,2.781000,2.739000,2.746000,2.746000,0
2014-01-29,2.755000,2.761000,2.673000,2.675000,2.675000,0
2014-01-30,2.699000,2.726000,2.691000,2.693000,2.693000,0
2014-01-31,2.648000,2.675000,2.646000,2.668000,2.668000,0
2014-02-02,null,null,null,null,null,null
2014-02-03,2.677000,2.677000,2.579000,2.581000,2.581000,0
2014-02-04,2.611000,2.635000,2.608000,2.624000,2.624000,0
2014-02-05,2.608000,2.673000,2.599000,2.667000,2.667000,0
2014-02-06,2.677000,2.709000,2.671000,2.702000,2.702000,0
2014-02-07,2.722000,2.726000,2.633000,2.675000,2.675000,0
2014-02-09,null,null,null,null,null,null
2014-02-10,2.673000,2.695000,2.667000,2.678000,2.678000,0
2014-02-11,2.687000,2.733000,2.682000,2.719000,2.719000,0
2014-02-12,2.742000,2.777000,2.737000,2.763000,2.763000,0
2014-02-13,2.761000,2.761000,2.727000,2.736000,2.736000,0
2014-02-14,2.730000,2.755000,2.730000,2.746000,2.746000,0
2014-02-16,null,null,null,null,null,null
2014-02-18,2.730000,2.739000,2.696000,2.711000,2.711000,0
2014-02-19,2.682000,2.739000,2.675000,2.734000,2.734000,0
2014-02-20,2.736000,2.773000,2.725000,2.754000,2.754000,0
2014-02-21,2.766000,2.781000,2.732000,2.734000,2.734000,0
2014-02-23,null,null,null,null,null,null
2014-02-24,2.741000,2.763000,2.730000,2.750000,2.750000,0
2014-02-25,2.746000,2.746000,2.700000,2.701000,2.701000,0
2014-02-26,2.710000,2.717000,2.664000,2.673000,2.673000,0
2014-02-27,2.648000,2.660000,2.639000,2.642000,2.642000,0
2014-02-28,2.640000,2.698000,2.640000,2.658000,2.658000,0
2014-03-02,null,null,null,null,null,null
2014-03-03,2.612000,2.635000,2.596000,2.607000,2.607000,0
2014-03-04,2.647000,2.692000,2.640000,2.691000,2.691000,0
2014-03-05,2.700000,2.719000,2.680000,2.698000,2.698000,0
2014-03-06,2.721000,2.748000,2.717000,2.737000,2.737000,0
2014-03-07,2.725000,2.821000,2.721000,2.790000,2.790000,0
2014-03-09,null,null,null,null,null,null
2014-03-10,2.802000,2.802000,2.775000,2.784000,2.784000,0
2014-03-11,2.786000,2.799000,2.763000,2.766000,2.766000,0
2014-03-12,2.752000,2.752000,2.714000,2.726000,2.726000,0
2014-03-13,2.732000,2.755000,2.651000,2.653000,2.653000,0
2014-03-14,2.626000,2.667000,2.610000,2.645000,2.645000,0
2014-03-16,null,null,null,null,null,null
2014-03-17,2.672000,2.699000,2.658000,2.699000,2.699000,0
2014-03-18,2.690000,2.701000,2.672000,2.681000,2.681000,0
2014-03-19,2.683000,2.772000,2.681000,2.772000,2.772000,0
2014-03-20,2.781000,2.793000,2.763000,2.775000,2.775000,0
2014-03-21,2.764000,2.784000,2.744000,2.750000,2.750000,0
2014-03-23,null,null,null,null,null,null
2014-03-24,2.770000,2.777000,2.721000,2.733000,2.733000,0
2014-03-25,2.746000,2.763000,2.726000,2.735000,2.735000,0
2014-03-26,2.755000,2.763000,2.696000,2.701000,2.701000,0
2014-03-27,2.703000,2.714000,2.659000,2.672000,2.672000,0
2014-03-28,2.688000,2.733000,2.683000,2.712000,2.712000,0
2014-03-30,null,null,null,null,null,null
2014-03-31,2.744000,2.768000,2.723000,2.723000,2.723000,0
2014-04-01,2.743000,2.766000,2.743000,2.759000,2.759000,0
2014-04-02,2.779000,2.808000,2.775000,2.803000,2.803000,0
2014-04-03,2.799000,2.806000,2.777000,2.790000,2.790000,0
2014-04-04,2.795000,2.801000,2.721000,2.726000,2.726000,0
2014-04-06,null,null,null,null,null,null
2014-04-07,2.726000,2.728000,2.683000,2.695000,2.695000,0
2014-04-08,2.717000,2.721000,2.675000,2.681000,2.681000,0
2014-04-09,2.706000,2.723000,2.674000,2.684000,2.684000,0
2014-04-10,2.666000,2.686000,2.614000,2.628000,2.628000,0
2014-04-11,2.608000,2.635000,2.607000,2.619000,2.619000,0
2014-04-13,null,null,null,null,null,null
2014-04-14,2.637000,2.655000,2.628000,2.639000,2.639000,0
2014-04-15,2.655000,2.663000,2.596000,2.628000,2.628000,0
2014-04-16,2.648000,2.661000,2.635000,2.637000,2.637000,0
2014-04-17,2.652000,2.728000,2.644000,2.721000,2.721000,0
2014-04-20,null,null,null,null,null,null
2014-04-21,2.722000,2.722000,2.688000,2.721000,2.721000,0
2014-04-22,2.726000,2.748000,2.717000,2.726000,2.726000,0
2014-04-23,2.697000,2.706000,2.677000,2.686000,2.686000,0
2014-04-24,2.715000,2.733000,2.684000,2.688000,2.688000,0
2014-04-25,2.666000,2.679000,2.644000,2.666000,2.666000,0
2014-04-27,null,null,null,null,null,null
2014-04-28,2.682000,2.710000,2.668000,2.677000,2.677000,0
2014-04-29,2.715000,2.731000,2.691000,2.695000,2.695000,0
2014-04-30,2.711000,2.711000,2.648000,2.648000,2.648000,0
2014-05-01,2.660000,2.662000,2.593000,2.606000,2.606000,0
2014-05-02,2.624000,2.700000,2.574000,2.591000,2.591000,0
2014-05-04,null,null,null,null,null,null
2014-05-05,2.575000,2.613000,2.572000,2.611000,2.611000,0
2014-05-06,2.610000,2.611000,2.586000,2.595000,2.595000,0
2014-05-07,2.611000,2.617000,2.577000,2.590000,2.590000,0
2014-05-08,2.618000,2.631000,2.580000,2.602000,2.602000,0
2014-05-09,2.595000,2.636000,2.595000,2.623000,2.623000,0
2014-05-11,null,null,null,null,null,null
2014-05-12,2.645000,2.663000,2.638000,2.656000,2.656000,0
2014-05-13,2.656000,2.658000,2.611000,2.618000,2.618000,0
2014-05-14,2.571000,2.586000,2.525000,2.543000,2.543000,0
2014-05-15,2.541000,2.561000,2.473000,2.502000,2.502000,0
2014-05-16,2.496000,2.521000,2.493000,2.518000,2.518000,0
2014-05-18,null,null,null,null,null,null
2014-05-19,2.520000,2.539000,2.495000,2.536000,2.536000,0
2014-05-20,2.548000,2.554000,2.502000,2.509000,2.509000,0
2014-05-21,2.530000,2.559000,2.530000,2.537000,2.537000,0
2014-05-22,2.554000,2.562000,2.534000,2.555000,2.555000,0
2014-05-23,2.543000,2.545000,2.518000,2.536000,2.536000,0
2014-05-25,null,null,null,null,null,null
2014-05-27,2.536000,2.554000,2.514000,2.518000,2.518000,0
2014-05-28,2.498000,2.498000,2.434000,2.438000,2.438000,0
2014-05-29,2.436000,2.457000,2.402000,2.447000,2.447000,0
2014-05-30,2.466000,2.491000,2.452000,2.457000,2.457000,0
2014-06-01,null,null,null,null,null,null
2014-06-02,2.500000,2.541000,2.487000,2.534000,2.534000,0
2014-06-03,2.550000,2.595000,2.545000,2.593000,2.593000,0
2014-06-04,2.580000,2.615000,2.568000,2.606000,2.606000,0
2014-06-05,2.602000,2.646000,2.573000,2.584000,2.584000,0
2014-06-06,2.577000,2.602000,2.530000,2.597000,2.597000,0
2014-06-08,null,null,null,null,null,null
2014-06-09,2.615000,2.628000,2.602000,2.613000,2.613000,0
2014-06-10,2.631000,2.651000,2.624000,2.635000,2.635000,0
2014-06-11,2.635000,2.647000,2.613000,2.640000,2.640000,0
2014-06-12,2.651000,2.655000,2.579000,2.586000,2.586000,0
2014-06-13,2.613000,2.644000,2.588000,2.604000,2.604000,0
2014-06-15,null,null,null,null,null,null
2014-06-16,2.581000,2.613000,2.581000,2.597000,2.597000,0
2014-06-17,2.595000,2.655000,2.590000,2.655000,2.655000,0
2014-06-18,2.650000,2.655000,2.590000,2.613000,2.613000,0
2014-06-19,2.586000,2.646000,2.564000,2.622000,2.622000,0
2014-06-20,2.641000,2.659000,2.617000,2.624000,2.624000,0
2014-06-22,null,null,null,null,null,null
2014-06-23,2.599000,2.624000,2.590000,2.623000,2.623000,0
2014-06-24,2.610000,2.619000,2.579000,2.586000,2.586000,0
2014-06-25,2.572000,2.572000,2.529000,2.559000,2.559000,0
2014-06-26,2.563000,2.565000,2.516000,2.525000,2.525000,0
2014-06-27,2.521000,2.536000,2.507000,2.532000,2.532000,0
2014-06-29,null,null,null,null,null,null
2014-06-30,2.520000,2.547000,2.514000,2.516000,2.516000,0
2014-07-01,2.550000,2.570000,2.545000,2.563000,2.563000,0
2014-07-02,2.588000,2.630000,2.585000,2.628000,2.628000,0
2014-07-03,null,null,null,null,null,null
2014-07-06,null,null,null,null,null,null
2014-07-07,2.632000,2.636000,2.608000,2.617000,2.617000,0
2014-07-08,2.597000,2.597000,2.556000,2.565000,2.565000,0
2014-07-09,2.578000,2.601000,2.543000,2.547000,2.547000,0
2014-07-10,2.503000,2.541000,2.494000,2.532000,2.532000,0
2014-07-11,2.523000,2.529000,2.505000,2.520000,2.520000,0
2014-07-13,null,null,null,null,null,null
2014-07-14,2.529000,2.550000,2.529000,2.549000,2.549000,0
2014-07-15,2.547000,2.570000,2.520000,2.549000,2.549000,0
2014-07-16,2.554000,2.567000,2.530000,2.538000,2.538000,0
2014-07-17,2.516000,2.518000,2.467000,2.475000,2.475000,0
2014-07-18,2.464000,2.500000,2.460000,2.484000,2.484000,0
2014-07-20,null,null,null,null,null,null
2014-07-21,2.485000,2.485000,2.448000,2.474000,2.474000,0
2014-07-22,2.496000,2.502000,2.460000,2.466000,2.466000,0
2014-07-23,2.462000,2.466000,2.449000,2.464000,2.464000,0
2014-07-24,2.493000,2.522000,2.491000,2.509000,2.509000,0
2014-07-25,2.505000,2.507000,2.466000,2.469000,2.469000,0
2014-07-27,null,null,null,null,null,null
2014-07-28,2.480000,2.496000,2.466000,2.491000,2.491000,0
2014-07-29,2.478000,2.487000,2.451000,2.462000,2.462000,0
2014-07-30,2.471000,2.567000,2.467000,2.554000,2.554000,0
2014-07-31,2.569000,2.614000,2.542000,2.556000,2.556000,0
2014-08-01,2.582000,2.591000,2.482000,2.505000,2.505000,0
2014-08-03,null,null,null,null,null,null
2014-08-04,2.494000,2.496000,2.471000,2.491000,2.491000,0
2014-08-05,2.494000,2.525000,2.473000,2.483000,2.483000,0
2014-08-06,2.442000,2.474000,2.300000,2.474000,2.474000,0
2014-08-07,2.465000,2.482000,2.424000,2.424000,2.424000,0
2014-08-08,2.395000,2.426000,2.370000,2.415000,2.415000,0
2014-08-10,null,null,null,null,null,null
2014-08-11,2.440000,2.440000,2.411000,2.420000,2.420000,0
2014-08-12,2.431000,2.447000,2.415000,2.442000,2.442000,0
2014-08-13,2.460000,2.460000,2.408000,2.413000,2.413000,0
2014-08-14,2.414000,2.425000,2.391000,2.400000,2.400000,0
2014-08-15,2.387000,2.398000,2.305000,2.345000,2.345000,0
2014-08-17,null,null,null,null,null,null
2014-08-18,2.366000,2.394000,2.363000,2.387000,2.387000,0
2014-08-19,2.363000,2.407000,2.361000,2.405000,2.405000,0
2014-08-20,2.412000,2.444000,2.401000,2.426000,2.426000,0
2014-08-21,2.442000,2.442000,2.398000,2.407000,2.407000,0
2014-08-22,2.394000,2.444000,2.391000,2.403000,2.403000,0
2014-08-24,null,null,null,null,null,null
2014-08-25,2.386000,2.410000,2.386000,2.387000,2.387000,0
2014-08-26,2.387000,2.400000,2.368000,2.391000,2.391000,0
2014-08-27,2.368000,2.389000,2.359000,2.361000,2.361000,0
2014-08-28,2.341000,2.350000,2.322000,2.334000,2.334000,0
2014-08-29,2.345000,2.354000,2.325000,2.343000,2.343000,0
2014-08-31,null,null,null,null,null,null
2014-09-02,2.393000,2.419000,2.391000,2.419000,2.419000,0
2014-09-03,2.455000,2.457000,2.409000,2.410000,2.410000,0
2014-09-04,2.400000,2.457000,2.382000,2.448000,2.448000,0
2014-09-05,2.468000,2.487000,2.389000,2.461000,2.461000,0
2014-09-07,null,null,null,null,null,null
2014-09-08,2.437000,2.480000,2.421000,2.469000,2.469000,0
2014-09-09,2.500000,2.507000,2.482000,2.500000,2.500000,0
2014-09-10,2.529000,2.541000,2.522000,2.534000,2.534000,0
2014-09-11,2.520000,2.538000,2.507000,2.531000,2.531000,0
2014-09-12,2.576000,2.616000,2.576000,2.614000,2.614000,0
2014-09-14,null,null,null,null,null,null
2014-09-15,2.605000,2.609000,2.582000,2.591000,2.591000,0
2014-09-16,2.556000,2.589000,2.553000,2.589000,2.589000,0
2014-09-17,2.578000,2.616000,2.551000,2.600000,2.600000,0
2014-09-18,2.625000,2.642000,2.616000,2.629000,2.629000,0
2014-09-19,2.611000,2.629000,2.582000,2.587000,2.587000,0
2014-09-21,null,null,null,null,null,null
2014-09-22,2.562000,2.578000,2.547000,2.566000,2.566000,0
2014-09-23,2.549000,2.556000,2.533000,2.535000,2.535000,0
2014-09-24,2.538000,2.569000,2.527000,2.569000,2.569000,0
2014-09-25,2.544000,2.546000,2.504000,2.511000,2.511000,0
2014-09-26,2.502000,2.549000,2.497000,2.535000,2.535000,0
2014-09-28,null,null,null,null,null,null
2014-09-29,2.499000,2.501000,2.479000,2.491000,2.491000,0
2014-09-30,2.504000,2.511000,2.484000,2.508000,2.508000,0
2014-10-01,2.475000,2.475000,2.403000,2.403000,2.403000,0
2014-10-02,2.409000,2.439000,2.386000,2.438000,2.438000,0
2014-10-03,2.441000,2.484000,2.436000,2.447000,2.447000,0
2014-10-05,null,null,null,null,null,null
2014-10-06,2.430000,2.450000,2.404000,2.425000,2.425000,0
2014-10-07,2.418000,2.418000,2.343000,2.350000,2.350000,0
2014-10-08,2.364000,2.386000,2.328000,2.330000,2.330000,0
2014-10-09,2.289000,2.339000,2.289000,2.327000,2.327000,0
2014-10-10,2.304000,2.323000,2.298000,2.307000,2.307000,0
2014-10-12,null,null,null,null,null,null
2014-10-13,2.286000,2.286000,2.286000,2.286000,2.286000,0
2014-10-14,2.190000,2.236000,2.190000,2.206000,2.206000,0
2014-10-15,2.162000,2.169000,1.868000,2.090000,2.090000,0
2014-10-16,2.056000,2.180000,2.023000,2.153000,2.153000,0
2014-10-17,2.172000,2.229000,2.171000,2.199000,2.199000,0
2014-10-19,null,null,null,null,null,null
2014-10-20,2.190000,2.202000,2.160000,2.181000,2.181000,0
2014-10-21,2.211000,2.225000,2.195000,2.208000,2.208000,0
2014-10-22,2.209000,2.250000,2.200000,2.229000,2.229000,0
2014-10-23,2.246000,2.300000,2.241000,2.275000,2.275000,0
2014-10-24,2.243000,2.276000,2.229000,2.273000,2.273000,0
2014-10-26,null,null,null,null,null,null
2014-10-27,2.262000,2.268000,2.243000,2.257000,2.257000,0
2014-10-28,2.284000,2.296000,2.255000,2.284000,2.284000,0
2014-10-29,2.291000,2.360000,2.289000,2.323000,2.323000,0
2014-10-30,2.312000,2.323000,2.280000,2.305000,2.305000,0
2014-10-31,2.332000,2.350000,2.317000,2.335000,2.335000,0
2014-11-02,null,null,null,null,null,null
2014-11-03,2.325000,2.384000,2.321000,2.348000,2.348000,0
2014-11-04,2.319000,2.348000,2.303000,2.342000,2.342000,0
2014-11-05,2.366000,2.369000,2.337000,2.350000,2.350000,0
2014-11-06,2.335000,2.382000,2.335000,2.375000,2.375000,0
2014-11-07,2.389000,2.407000,2.308000,2.312000,2.312000,0
2014-11-09,null,null,null,null,null,null
2014-11-10,2.294000,2.360000,2.294000,2.359000,2.359000,0
2014-11-11,2.360000,2.360000,2.360000,2.360000,2.360000,0
2014-11-12,2.326000,2.371000,2.319000,2.359000,2.359000,0
2014-11-13,2.354000,2.370000,2.340000,2.347000,2.347000,0
2014-11-14,2.354000,2.377000,2.315000,2.320000,2.320000,0
2014-11-16,null,null,null,null,null,null
2014-11-17,2.292000,2.347000,2.290000,2.340000,2.340000,0
2014-11-18,2.328000,2.338000,2.308000,2.322000,2.322000,0
2014-11-19,2.340000,2.363000,2.321000,2.351000,2.351000,0
2014-11-20,2.326000,2.351000,2.303000,2.335000,2.335000,0
2014-11-21,2.340000,2.345000,2.315000,2.315000,2.315000,0
2014-11-23,null,null,null,null,null,null
2014-11-24,2.331000,2.338000,2.303000,2.310000,2.310000,0
2014-11-25,2.301000,2.317000,2.260000,2.260000,2.260000,0
2014-11-26,2.252000,2.253000,2.229000,2.234000,2.234000,0
2014-11-28,null,null,null,null,null,null
2014-11-30,null,null,null,null,null,null
2014-12-01,2.157000,2.218000,2.155000,2.218000,2.218000,0
2014-12-02,2.246000,2.289000,2.243000,2.285000,2.285000,0
2014-12-03,2.291000,2.307000,2.278000,2.287000,2.287000,0
2014-12-04,2.280000,2.298000,2.253000,2.257000,2.257000,0
2014-12-05,2.252000,2.331000,2.252000,2.307000,2.307000,0
2014-12-07,null,null,null,null,null,null
2014-12-08,2.310000,2.310000,2.243000,2.257000,2.257000,0
2014-12-09,2.239000,2.239000,2.187000,2.220000,2.220000,0
2014-12-10,2.208000,2.227000,2.169000,2.169000,2.169000,0
2014-12-11,2.146000,2.216000,2.146000,2.178000,2.178000,0
2014-12-12,2.116000,2.146000,2.083000,2.103000,2.103000,0
2014-12-14,null,null,null,null,null,null
2014-12-15,2.131000,2.136000,2.080000,2.116000,2.116000,0
2014-12-16,2.047000,2.104000,2.045000,2.071000,2.071000,0
2014-12-17,2.097000,2.148000,2.066000,2.148000,2.148000,0
2014-12-18,2.176000,2.225000,2.171000,2.204000,2.204000,0
2014-12-19,2.209000,2.209000,2.167000,2.176000,2.176000,0
2014-12-21,null,null,null,null,null,null
2014-12-22,2.185000,2.188000,2.155000,2.162000,2.162000,0
2014-12-23,2.172000,2.261000,2.172000,2.257000,2.257000,0
2014-12-24,null,null,null,null,null,null
2014-12-26,2.243000,2.266000,2.236000,2.250000,2.250000,0
2014-12-28,null,null,null,null,null,null
2014-12-29,2.223000,2.229000,2.195000,2.207000,2.207000,0
2014-12-30,2.190000,2.192000,2.167000,2.190000,2.190000,0
2014-12-31,2.177000,2.190000,2.169000,2.170000,2.170000,0
2015-01-02,2.197000,2.213000,2.102000,2.123000,2.123000,0
2015-01-04,null,null,null,null,null,null
2015-01-05,2.102000,2.109000,2.037000,2.039000,2.039000,0
2015-01-06,1.968000,1.997000,1.889000,1.963000,1.963000,0
2015-01-07,1.975000,2.008000,1.938000,1.954000,1.954000,0
2015-01-08,2.004000,2.030000,1.988000,2.016000,2.016000,0
2015-01-09,1.997000,2.021000,1.943000,1.971000,1.971000,0
2015-01-11,null,null,null,null,null,null
2015-01-12,1.964000,1.966000,1.902000,1.912000,1.912000,0
2015-01-13,1.876000,1.945000,1.876000,1.890000,1.890000,0
2015-01-14,1.866000,1.866000,1.784000,1.837000,1.837000,0
2015-01-15,1.813000,1.852000,1.756000,1.775000,1.775000,0
2015-01-16,1.715000,1.831000,1.700000,1.815000,1.815000,0
2015-01-18,null,null,null,null,null,null
2015-01-20,1.827000,1.827000,1.761000,1.807000,1.807000,0
2015-01-21,1.798000,1.863000,1.773000,1.853000,1.853000,0
2015-01-22,1.939000,1.953000,1.812000,1.896000,1.896000,0
2015-01-23,1.820000,1.847000,1.801000,1.817000,1.817000,0
2015-01-25,null,null,null,null,null,null
2015-01-26,1.804000,1.842000,1.796000,1.828000,1.828000,0
2015-01-27,1.794000,1.830000,1.750000,1.825000,1.825000,0
2015-01-28,1.823000,1.828000,1.721000,1.724000,1.724000,0
2015-01-29,1.746000,1.785000,1.738000,1.751000,1.751000,0
2015-01-30,1.702000,1.707000,1.651000,1.675000,1.675000,0
2015-02-01,null,null,null,null,null,null
2015-02-02,1.674000,1.712000,1.654000,1.673000,1.673000,0
2015-02-03,1.717000,1.785000,1.717000,1.780000,1.780000,0
2015-02-04,1.821000,1.846000,1.783000,1.797000,1.797000,0
2015-02-05,1.800000,1.829000,1.788000,1.815000,1.815000,0
2015-02-06,1.818000,1.953000,1.805000,1.938000,1.938000,0
2015-02-08,null,null,null,null,null,null
2015-02-09,1.922000,1.950000,1.903000,1.948000,1.948000,0
2015-02-10,2.014000,2.016000,1.969000,1.991000,1.991000,0
2015-02-11,1.983000,2.025000,1.970000,1.988000,1.988000,0
2015-02-12,2.033000,2.040000,1.959000,1.986000,1.986000,0
2015-02-13,2.007000,2.026000,1.995000,2.021000,2.021000,0
2015-02-15,null,null,null,null,null,null
2015-02-17,2.028000,2.152000,2.016000,2.145000,2.145000,0
2015-02-18,2.133000,2.136000,2.043000,2.066000,2.066000,0
2015-02-19,2.092000,2.122000,2.059000,2.113000,2.113000,0
2015-02-20,2.078000,2.142000,2.045000,2.133000,2.133000,0
2015-02-22,null,null,null,null,null,null
2015-02-23,2.112000,2.112000,2.056000,2.059000,2.059000,0
2015-02-24,2.075000,2.108000,1.977000,1.988000,1.988000,0
2015-02-25,1.972000,2.000000,1.962000,1.969000,1.969000,0
2015-02-26,1.939000,2.021000,1.931000,2.016000,2.016000,0
2015-02-27,2.024000,2.049000,2.000000,2.002000,2.002000,0
2015-03-01,null,null,null,null,null,null
2015-03-02,2.014000,2.086000,2.005000,2.084000,2.084000,0
2015-03-03,2.100000,2.124000,2.077000,2.122000,2.122000,0
2015-03-04,2.128000,2.131000,2.112000,2.123000,2.123000,0
2015-03-05,2.135000,2.147000,2.096000,2.112000,2.112000,0
2015-03-06,2.110000,2.259000,2.105000,2.240000,2.240000,0
2015-03-08,null,null,null,null,null,null
2015-03-09,2.215000,2.218000,2.192000,2.195000,2.195000,0
2015-03-10,2.158000,2.160000,2.117000,2.126000,2.126000,0
2015-03-11,2.151000,2.160000,2.098000,2.109000,2.109000,0
2015-03-12,2.088000,2.123000,2.042000,2.096000,2.096000,0
2015-03-13,2.107000,2.133000,2.086000,2.112000,2.112000,0
2015-03-15,null,null,null,null,null,null
2015-03-16,2.093000,2.105000,2.065000,2.098000,2.098000,0
2015-03-17,2.051000,2.072000,2.038000,2.058000,2.058000,0
2015-03-18,2.026000,2.054000,1.944000,1.951000,1.951000,0
2015-03-19,1.937000,1.989000,1.925000,1.977000,1.977000,0
2015-03-20,1.956000,1.958000,1.927000,1.930000,1.930000,0
2015-03-22,null,null,null,null,null,null
2015-03-23,1.916000,1.939000,1.909000,1.915000,1.915000,0
2015-03-24,1.903000,1.920000,1.870000,1.878000,1.878000,0
2015-03-25,1.864000,1.923000,1.852000,1.920000,1.920000,0
2015-03-26,1.925000,2.009000,1.922000,2.007000,2.007000,0
2015-03-27,1.984000,1.986000,1.944000,1.948000,1.948000,0
2015-03-29,null,null,null,null,null,null
2015-03-30,1.965000,1.974000,1.941000,1.963000,1.963000,0
2015-03-31,1.939000,1.968000,1.928000,1.934000,1.934000,0
2015-04-01,1.892000,1.897000,1.852000,1.868000,1.868000,0
2015-04-02,1.857000,1.909000,1.855000,1.904000,1.904000,0
2015-04-05,null,null,null,null,null,null
2015-04-06,1.845000,1.911000,1.843000,1.904000,1.904000,0
2015-04-07,1.913000,1.928000,1.887000,1.893000,1.893000,0
2015-04-08,1.892000,1.925000,1.881000,1.895000,1.895000,0
2015-04-09,1.880000,1.965000,1.878000,1.958000,1.958000,0
2015-04-10,1.942000,1.956000,1.919000,1.951000,1.951000,0
2015-04-12,null,null,null,null,null,null